bin_center,count
9175.000789533047,1
9185.002368599144,0
9195.003947665238,0
9205.005526731333,0
9215.007105797427,0
9225.008684863524,0
9235.010263929618,0
9245.011842995715,0
9255.01342206181,0
9265.015001127904,0
9275.016580193998,0
9285.018159260095,0
9295.01973832619,0
9305.021317392286,0
9315.02289645838,0
9325.024475524475,0
9335.026054590571,0
9345.027633656666,0
9355.029212722762,0
9365.030791788857,0
9375.032370854951,0
9385.033949921046,0
9395.035528987142,0
9405.037108053237,0
9415.038687119333,0
9425.040266185428,0
9435.041845251522,0
9445.043424317617,0
9455.045003383713,0
9465.046582449808,0
9475.048161515904,0
9485.049740581999,0
9495.051319648093,0
9505.052898714188,0
9515.054477780284,1
9525.056056846379,0
9535.057635912475,0
9545.05921497857,1
9555.060794044664,0
9565.06237311076,1
9575.063952176855,0
9585.065531242952,0
9595.067110309046,0
9605.06868937514,0
9615.070268441235,0
9625.071847507332,0
9635.073426573426,0
9645.075005639523,0
9655.076584705617,0
9665.078163771712,0
9675.079742837806,0
9685.081321903903,0
9695.082900969997,0
9705.084480036094,0
9715.086059102188,0
9725.087638168283,0
9735.089217234377,0
9745.090796300474,1
9755.092375366568,0
9765.093954432665,0
9775.09553349876,0
9785.097112564854,0
9795.09869163095,0
9805.100270697045,0
9815.101849763141,0
9825.103428829236,0
9835.10500789533,0
9845.106586961425,0
9855.108166027521,0
9865.109745093616,0
9875.111324159712,0
9885.112903225807,0
9895.114482291901,1
9905.116061357996,0
9915.117640424092,0
9925.119219490187,0
9935.120798556283,0
9945.122377622378,0
9955.123956688472,0
9965.125535754567,0
9975.127114820663,0
9985.128693886758,0
9995.130272952854,0
10005.131852018949,0
10015.133431085043,0
10025.135010151138,0
10035.136589217234,1
10045.138168283329,0
10055.139747349425,0
10065.14132641552,0
10075.142905481614,0
10085.14448454771,0
10095.146063613805,0
10105.147642679902,0
10115.149221745996,1
10125.15080081209,0
10135.152379878185,0
10145.153958944282,0
10155.155538010376,0
10165.157117076473,0
10175.158696142567,0
10185.160275208662,1
10195.161854274756,0
10205.163433340853,0
10215.165012406947,0
10225.166591473044,2
10235.168170539138,1
10245.169749605233,0
10255.17132867133,0
10265.172907737424,0
10275.174486803518,0
10285.176065869615,0
10295.17764493571,0
10305.179224001804,2
10315.1808030679,1
10325.182382133995,0
10335.18396120009,1
10345.185540266186,1
10355.18711933228,1
10365.188698398375,0
10375.190277464471,0
10385.191856530566,1
10395.193435596662,0
10405.195014662757,2
10415.196593728851,0
10425.198172794946,1
10435.199751861042,0
10445.201330927137,0
10455.202909993233,0
10465.204489059328,0
10475.206068125422,0
10485.207647191517,0
10495.209226257613,0
10505.210805323708,0
10515.212384389804,1
10525.213963455899,0
10535.215542521993,1
10545.21712158809,0
10555.218700654184,0
10565.220279720279,0
10575.221858786375,0
10585.22343785247,1
10595.225016918565,2
10605.22659598466,0
10615.228175050755,2
10625.229754116852,0
10635.231333182946,2
10645.232912249041,1
10655.234491315136,1
10665.236070381232,0
10675.237649447326,0
10685.239228513423,0
10695.240807579517,0
10705.242386645612,3
10715.243965711707,0
10725.245544777803,1
10735.247123843897,1
10745.248702909994,0
10755.250281976088,0
10765.251861042183,1
10775.25344010828,0
10785.255019174374,3
10795.256598240469,1
10805.258177306565,1
10815.25975637266,0
10825.261335438754,0
10835.26291450485,1
10845.264493570945,1
10855.266072637041,1
10865.267651703136,1
10875.26923076923,0
10885.270809835325,1
10895.272388901421,2
10905.273967967516,2
10915.275547033612,0
10925.277126099707,0
10935.278705165802,2
10945.280284231896,3
10955.281863297992,0
10965.283442364087,1
10975.285021430183,0
10985.286600496278,1
10995.288179562373,0
11005.289758628469,1
11015.291337694563,0
11025.292916760658,1
11035.294495826754,2
11045.296074892849,0
11055.297653958944,0
11065.29923302504,2
11075.300812091135,2
11085.302391157229,1
11095.303970223325,1
11105.30554928942,0
11115.307128355515,0
11125.308707421611,1
11135.310286487706,3
11145.311865553802,0
11155.313444619896,2
11165.315023685991,1
11175.316602752086,1
11185.318181818182,0
11195.319760884277,3
11205.321339950373,0
11215.322919016467,1
11225.324498082562,0
11235.326077148658,1
11245.327656214753,0
11255.329235280848,0
11265.330814346944,0
11275.332393413039,0
11285.333972479133,0
11295.33555154523,1
11305.337130611324,0
11315.338709677419,0
11325.340288743515,1
11335.34186780961,1
11345.343446875704,1
11355.3450259418,1
11365.346605007895,1
11375.34818407399,3
11385.349763140086,2
11395.35134220618,1
11405.352921272275,1
11415.354500338372,1
11425.356079404466,0
11435.357658470562,0
11445.359237536657,0
11455.360816602752,1
11465.362395668848,2
11475.363974734943,3
11485.365553801037,2
11495.367132867133,1
11505.368711933228,1
11515.370290999323,2
11525.371870065419,2
11535.373449131514,1
11545.375028197608,0
11555.376607263704,0
11565.378186329799,0
11575.379765395894,2
11585.38134446199,2
11595.382923528085,3
11605.38450259418,1
11615.386081660276,0
11625.38766072637,1
11635.389239792465,0
11645.390818858561,2
11655.392397924656,2
11665.393976990752,1
11675.395556056847,3
11685.397135122941,1
11695.398714189036,1
11705.400293255132,2
11715.401872321227,0
11725.403451387323,2
11735.405030453418,1
11745.406609519512,2
11755.408188585609,2
11765.409767651703,0
11775.411346717798,6
11785.412925783894,1
11795.414504849989,1
11805.416083916083,1
11815.41766298218,4
11825.419242048274,2
11835.420821114369,1
11845.422400180465,1
11855.42397924656,0
11865.425558312654,0
11875.42713737875,2
11885.428716444845,1
11895.430295510942,1
11905.431874577036,2
11915.43345364313,3
11925.435032709225,2
11935.436611775322,0
11945.438190841416,5
11955.439769907513,2
11965.441348973607,2
11975.442928039702,5
11985.444507105798,2
11995.446086171893,1
12005.447665237987,0
12015.449244304084,1
12025.450823370178,3
12035.452402436273,4
12045.453981502369,1
12055.455560568464,2
12065.457139634558,2
12075.458718700655,0
12085.46029776675,2
12095.461876832844,3
12105.46345589894,1
12115.465034965035,3
12125.46661403113,2
12135.468193097226,2
12145.46977216332,1
12155.471351229415,3
12165.472930295511,2
12175.474509361606,3
12185.476088427702,3
12195.477667493797,7
12205.479246559891,2
12215.480825625988,4
12225.482404692082,0
12235.483983758177,3
12245.485562824273,3
12255.487141890368,3
12265.488720956462,1
12275.490300022559,7
12285.491879088653,2
12295.493458154748,3
12305.495037220844,1
12315.496616286939,1
12325.498195353033,1
12335.49977441913,3
12345.501353485224,4
12355.502932551319,2
12365.504511617415,0
12375.50609068351,6
12385.507669749604,0
12395.5092488157,2
12405.510827881795,0
12415.512406947892,6
12425.513986013986,0
12435.51556508008,0
12445.517144146175,3
12455.518723212272,3
12465.520302278366,3
12475.521881344463,0
12485.523460410557,0
12495.525039476652,6
12505.526618542748,0
12515.528197608843,2
12525.529776674937,1
12535.531355741034,3
12545.532934807128,5
12555.534513873223,2
12565.53609293932,3
12575.537672005414,2
12585.539251071508,2
12595.540830137605,2
12605.5424092037,2
12615.543988269794,7
12625.54556733589,1
12635.547146401985,3
12645.548725468081,2
12655.550304534176,2
12665.55188360027,3
12675.553462666365,4
12685.555041732461,5
12695.556620798556,5
12705.558199864652,1
12715.559778930747,6
12725.561357996841,3
12735.562937062938,5
12745.564516129032,3
12755.566095195127,5
12765.567674261223,3
12775.569253327318,2
12785.570832393412,3
12795.572411459509,2
12805.573990525603,3
12815.575569591698,1
12825.577148657794,6
12835.578727723889,0
12845.580306789983,3
12855.58188585608,2
12865.583464922174,3
12875.585043988269,3
12885.586623054365,4
12895.58820212046,3
12905.589781186554,3
12915.59136025265,3
12925.592939318745,4
12935.594518384842,2
12945.596097450936,5
12955.59767651703,5
12965.599255583127,2
12975.600834649222,1
12985.602413715316,3
12995.603992781413,3
13005.605571847507,2
13015.607150913602,6
13025.608729979698,2
13035.610309045793,4
13045.611888111887,3
13055.613467177984,2
13065.615046244078,2
13075.616625310173,3
13085.61820437627,2
13095.619783442364,5
13105.621362508458,3
13115.622941574555,1
13125.62452064065,5
13135.626099706744,2
13145.62767877284,2
13155.629257838935,4
13165.630836905031,1
13175.632415971126,4
13185.63399503722,1
13195.635574103315,3
13205.637153169411,6
13215.638732235506,3
13225.640311301602,4
13235.641890367697,2
13245.643469433791,2
13255.645048499888,1
13265.646627565982,4
13275.648206632077,3
13285.649785698173,3
13295.651364764268,3
13305.652943830362,4
13315.654522896459,5
13325.656101962553,4
13335.657681028648,3
13345.659260094744,4
13355.660839160839,1
13365.662418226935,3
13375.66399729303,3
13385.665576359124,6
13395.667155425219,6
13405.668734491315,7
13415.67031355741,2
13425.671892623506,3
13435.6734716896,0
13445.675050755695,3
13455.67662982179,2
13465.678208887886,2
13475.67978795398,3
13485.681367020077,2
13495.682946086172,4
13505.684525152266,4
13515.686104218363,2
13525.687683284457,2
13535.689262350552,2
13545.690841416648,2
13555.692420482743,3
13565.693999548837,3
13575.695578614934,1
13585.697157681028,4
13595.698736747123,3
13605.70031581322,4
13615.701894879314,2
13625.703473945408,5
13635.705053011505,4
13645.7066320776,2
13655.708211143696,4
13665.70979020979,4
13675.711369275885,3
13685.71294834198,2
13695.714527408076,2
13705.71610647417,6
13715.717685540267,5
13725.719264606361,1
13735.720843672456,1
13745.722422738552,2
13755.724001804647,2
13765.725580870741,6
13775.727159936838,1
13785.728739002932,2
13795.730318069027,1
13805.731897135123,3
13815.733476201218,4
13825.735055267312,1
13835.736634333409,5
13845.738213399503,2
13855.739792465598,3
13865.741371531694,5
13875.742950597789,3
13885.744529663885,2
13895.74610872998,5
13905.747687796074,2
13915.749266862169,2
13925.750845928265,4
13935.75242499436,4
13945.754004060456,2
13955.75558312655,5
13965.757162192645,12
13975.758741258742,4
13985.760320324836,2
13995.761899390931,4
14005.763478457027,3
14015.765057523122,2
14025.766636589216,3
14035.768215655313,7
14045.769794721407,3
14055.771373787502,0
14065.772952853598,2
14075.774531919693,2
14085.776110985787,2
14095.777690051884,2
14105.779269117978,4
14115.780848184075,4
14125.78242725017,5
14135.784006316264,4
14145.785585382358,5
14155.787164448455,6
14165.78874351455,3
14175.790322580646,5
14185.79190164674,4
14195.793480712835,6
14205.79505977893,5
14215.796638845026,4
14225.79821791112,7
14235.799796977217,6
14245.801376043311,8
14255.802955109406,4
14265.804534175502,1
14275.806113241597,5
14285.807692307691,5
14295.809271373788,8
14305.810850439882,4
14315.812429505977,3
14325.814008572073,2
14335.815587638168,6
14345.817166704262,5
14355.818745770359,4
14365.820324836453,7
14375.821903902548,1
14385.823482968644,4
14395.825062034739,4
14405.826641100835,3
14415.82822016693,1
14425.829799233024,3
14435.831378299119,7
14445.832957365215,2
14455.83453643131,2
14465.836115497406,6
14475.837694563501,7
14485.839273629595,5
14495.840852695692,1
14505.842431761786,7
14515.844010827881,6
14525.845589893977,3
14535.847168960072,5
14545.848748026167,5
14555.850327092263,6
14565.851906158357,3
14575.853485224452,0
14585.855064290548,4
14595.856643356643,4
14605.858222422738,2
14615.859801488834,7
14625.861380554928,7
14635.862959621025,2
14645.86453868712,7
14655.866117753214,7
14665.867696819309,6
14675.869275885405,6
14685.8708549515,4
14695.872434017596,3
14705.87401308369,8
14715.875592149785,5
14725.877171215881,9
14735.878750281976,6
14745.88032934807,2
14755.881908414167,5
14765.883487480261,5
14775.885066546356,2
14785.886645612452,3
14795.888224678547,3
14805.889803744642,8
14815.891382810738,3
14825.892961876832,4
14835.894540942927,6
14845.896120009023,6
14855.897699075118,3
14865.899278141214,6
14875.900857207309,7
14885.902436273404,4
14895.904015339498,4
14905.905594405594,4
14915.907173471689,2
14925.908752537785,1
14935.91033160388,4
14945.911910669975,9
14955.91348973607,9
14965.915068802165,10
14975.91664786826,5
14985.918226934356,10
14995.919806000451,5
15005.921385066546,1
15015.922964132642,4
15025.924543198737,2
15035.926122264831,3
15045.927701330927,6
15055.929280397022,4
15065.930859463117,6
15075.932438529213,2
15085.934017595308,5
15095.935596661402,1
15105.937175727498,5
15115.938754793593,5
15125.940333859688,8
15135.941912925784,5
15145.943491991879,4
15155.945071057975,1
15165.94665012407,4
15175.948229190164,1
15185.949808256259,3
15195.951387322355,1
15205.95296638845,4
15215.954545454546,6
15225.95612452064,5
15235.957703586735,3
15245.959282652831,7
15255.960861718926,0
15265.96244078502,4
15275.964019851117,4
15285.965598917212,7
15295.967177983306,4
15305.968757049402,4
15315.970336115497,3
15325.971915181592,3
15335.973494247688,6
15345.975073313783,3
15355.976652379877,11
15365.978231445974,4
15375.979810512068,6
15385.981389578164,5
15395.982968644259,5
15405.984547710354,4
15415.986126776448,4
15425.987705842545,7
15435.98928490864,6
15445.990863974735,7
15455.99244304083,3
15465.994022106925,6
15475.995601173021,2
15485.997180239116,6
15495.99875930521,7
15506.000338371306,5
15516.001917437401,6
15526.003496503496,1
15536.005075569592,2
15546.006654635687,11
15556.008233701781,7
15566.009812767878,3
15576.011391833972,5
15586.012970900067,6
15596.014549966163,9
15606.016129032258,3
15616.017708098354,3
15626.019287164449,5
15636.020866230543,1
15646.022445296638,2
15656.024024362734,5
15666.025603428829,6
15676.027182494925,10
15686.02876156102,5
15696.030340627114,5
15706.031919693209,4
15716.033498759305,4
15726.0350778254,9
15736.036656891496,4
15746.03823595759,5
15756.039815023685,1
15766.041394089782,4
15776.042973155876,4
15786.04455222197,6
15796.046131288067,9
15806.047710354162,5
15816.049289420256,4
15826.050868486353,4
15836.052447552447,5
15846.054026618542,3
15856.055605684638,2
15866.057184750733,8
15876.058763816827,5
15886.060342882924,4
15896.061921949018,4
15906.063501015115,2
15916.065080081209,4
15926.066659147304,4
15936.068238213398,7
15946.069817279495,4
15956.07139634559,4
15966.072975411686,7
15976.07455447778,3
15986.076133543875,8
15996.077712609971,7
16006.079291676066,2
16016.08087074216,6
16026.082449808257,6
16036.084028874351,7
16046.085607940446,6
16056.087187006542,7
16066.088766072637,7
16076.090345138731,4
16086.091924204828,4
16096.093503270922,7
16106.095082337017,4
16116.096661403113,4
16126.098240469208,8
16136.099819535304,3
16146.101398601399,6
16156.102977667493,4
16166.104556733588,5
16176.106135799684,3
16186.107714865779,5
16196.109293931875,8
16206.11087299797,4
16216.112452064064,6
16226.11403113016,8
16236.115610196255,5
16246.11718926235,4
16256.118768328446,4
16266.12034739454,4
16276.121926460635,7
16286.123505526732,5
16296.125084592826,3
16306.12666365892,12
16316.128242725017,4
16326.129821791112,10
16336.131400857206,5
16346.132979923303,5
16356.134558989397,6
16366.136138055494,8
16376.137717121588,7
16386.139296187685,6
16396.140875253775,4
16406.142454319874,1
16416.144033385972,9
16426.145612452063,11
16436.14719151816,5
16446.148770584252,6
16456.15034965035,2
16466.15192871644,5
16476.15350778254,2
16486.155086848637,6
16496.15666591473,6
16506.158244980827,3
16516.159824046917,4
16526.161403113016,5
16536.162982179114,3
16546.164561245205,4
16556.166140311303,11
16566.167719377394,1
16576.169298443492,3
16586.170877509587,4
16596.17245657568,6
16606.17403564178,1
16616.17561470787,2
16626.17719377397,3
16636.17877284006,5
16646.180351906158,6
16656.181930972256,6
16666.183510038347,7
16676.185089104445,6
16686.186668170536,3
16696.188247236634,9
16706.189826302732,7
16716.191405368823,2
16726.19298443492,6
16736.194563501012,7
16746.19614256711,2
16756.197721633205,5
16766.1993006993,10
16776.200879765398,6
16786.20245883149,11
16796.204037897587,3
16806.205616963678,4
16816.207196029776,7
16826.208775095874,3
16836.210354161965,3
16846.211933228064,4
16856.213512294154,2
16866.215091360253,3
16876.21667042635,6
16886.218249492442,4
16896.21982855854,5
16906.22140762463,4
16916.22298669073,4
16926.22456575682,1
16936.22614482292,3
16946.227723889016,2
16956.229302955107,5
16966.230882021206,8
16976.232461087297,5
16986.234040153395,4
16996.235619219493,10
17006.237198285584,8
17016.238777351682,8
17026.240356417773,2
17036.24193548387,8
17046.243514549966,6
17056.24509361606,6
17066.24667268216,3
17076.24825174825,7
17086.249830814348,8
17096.25140988044,6
17106.252988946537,4
17116.254568012635,5
17126.256147078726,2
17136.257726144824,9
17146.259305210915,3
17156.260884277013,4
17166.26246334311,9
17176.264042409202,4
17186.2656214753,7
17196.26720054139,4
17206.26877960749,6
17216.27035867358,4
17226.27193773968,4
17236.273516805777,10
17246.275095871868,4
17256.276674937966,4
17266.278254004057,9
17276.279833070155,6
17286.281412136253,5
17296.282991202344,6
17306.284570268443,7
17316.286149334534,5
17326.28772840063,3
17336.289307466726,8
17346.29088653282,9
17356.29246559892,10
17366.29404466501,4
17376.29562373111,7
17386.297202797203,6
17396.298781863297,3
17406.300360929396,6
17416.301939995486,5
17426.303519061585,7
17436.305098127676,7
17446.306677193774,4
17456.30825625987,3
17466.309835325963,12
17476.31141439206,10
17486.312993458152,8
17496.31457252425,3
17506.316151590345,12
17516.31773065644,6
17526.319309722538,11
17536.32088878863,9
17546.322467854727,6
17556.32404692082,3
17566.325625986916,6
17576.327205053014,8
17586.328784119105,5
17596.330363185203,11
17606.331942251294,4
17616.333521317392,3
17626.335100383487,5
17636.33667944958,5
17646.33825851568,4
17656.33983758177,7
17666.34141664787,3
17676.342995713963,11
17686.344574780058,8
17696.346153846156,3
17706.347732912247,7
17716.349311978345,2
17726.350891044436,5
17736.352470110534,10
17746.35404917663,4
17756.355628242723,5
17766.35720730882,7
17776.358786374913,2
17786.36036544101,2
17796.361944507105,5
17806.3635235732,5
17816.365102639298,2
17826.36668170539,5
17836.368260771487,11
17846.369839837582,11
17856.371418903676,6
17866.372997969775,5
17876.374577035866,8
17886.376156101964,8
17896.377735168055,7
17906.379314234153,6
17916.380893300247,6
17926.382472366342,5
17936.38405143244,4
17946.38563049853,4
17956.38720956463,7
17966.388788630724,8
17976.39036769682,5
17986.391946762917,5
17996.393525829008,6
18006.395104895106,11
18016.396683961197,6
18026.398263027295,4
18036.399842093393,8
18046.401421159484,10
18056.403000225582,11
18066.404579291673,5
18076.40615835777,12
18086.407737423866,1
18096.40931648996,4
18106.41089555606,4
18116.41247462215,9
18126.414053688248,11
18136.415632754342,7
18146.417211820437,10
18156.418790886535,7
18166.420369952626,7
18176.421949018724,7
18186.423528084815,6
18196.425107150913,9
18206.426686217008,5
18216.428265283103,14
18226.4298443492,6
18236.43142341529,5
18246.43300248139,8
18256.434581547484,6
18266.43616061358,7
18276.437739679677,7
18286.439318745768,8
18296.440897811866,6
18306.44247687796,9
18316.444055944055,12
18326.445635010154,4
18336.447214076245,7
18346.448793142343,11
18356.450372208434,8
18366.451951274532,5
18376.453530340626,8
18386.45510940672,5
18396.45668847282,9
18406.45826753891,5
18416.45984660501,3
18426.461425671103,4
18436.463004737197,4
18446.464583803296,7
18456.466162869387,5
18466.467741935485,3
18476.469321001576,3
18486.470900067674,10
18496.47247913377,6
18506.474058199863,9
18516.47563726596,7
18526.477216332052,6
18536.47879539815,3
18546.480374464245,6
18556.48195353034,4
18566.483532596438,7
18576.48511166253,6
18586.486690728627,7
18596.48826979472,9
18606.489848860816,7
18616.491427926914,6
18626.493006993005,6
18636.494586059103,5
18646.496165125194,7
18656.497744191292,3
18666.499323257387,5
18676.50090232348,3
18686.50248138958,9
18696.50406045567,9
18706.50563952177,5
18716.507218587863,9
18726.508797653958,7
18736.510376720056,3
18746.511955786147,8
18756.513534852245,7
18766.515113918336,9
18776.516692984434,10
18786.518272050533,6
18796.519851116624,12
18806.52143018272,5
18816.523009248813,8
18826.52458831491,4
18836.526167381006,5
18846.5277464471,10
18856.5293255132,5
18866.53090457929,9
18876.532483645387,8
18886.534062711482,8
18896.535641777577,5
18906.537220843675,4
18916.538799909766,7
18926.540378975864,10
18936.541958041955,10
18946.543537108053,8
18956.545116174148,10
18966.546695240242,9
18976.54827430634,5
18986.54985337243,3
18996.55143243853,10
19006.553011504624,4
19016.55459057072,7
19026.556169636817,4
19036.557748702908,6
19046.559327769006,12
19056.5609068351,11
19066.562485901195,13
19076.564064967293,4
19086.565644033384,7
19096.567223099482,9
19106.568802165573,4
19116.57038123167,5
19126.571960297766,8
19136.57353936386,14
19146.57511842996,6
19156.57669749605,8
19166.578276562148,7
19176.579855628243,10
19186.581434694337,7
19196.583013760435,7
19206.584592826526,9
19216.586171892624,6
19226.587750958715,4
19236.589330024814,9
19246.590909090908,8
19256.592488157003,11
19266.5940672231,4
19276.59564628919,2
19286.59722535529,6
19296.598804421385,6
19306.60038348748,12
19316.601962553577,7
19326.60354161967,11
19336.605120685766,4
19346.60669975186,9
19356.608278817956,8
19366.609857884054,11
19376.611436950145,8
19386.613016016243,5
19396.614595082334,8
19406.616174148432,12
19416.617753214527,7
19426.61933228062,5
19436.62091134672,9
19446.62249041281,9
19456.62406947891,8
19466.625648545003,10
19476.627227611098,9
19486.628806677196,5
19496.630385743287,4
19506.631964809385,7
19516.633543875476,11
19526.635122941574,11
19536.636702007672,9
19546.638281073763,11
19556.63986013986,13
19566.641439205952,5
19576.64301827205,11
19586.644597338145,7
19596.64617640424,6
19606.647755470338,5
19616.64933453643,16
19626.650913602527,7
19636.65249266862,10
19646.654071734716,8
19656.655650800814,5
19666.657229866905,5
19676.658808933003,5
19686.660387999094,11
19696.661967065193,6
19706.663546131287,9
19716.66512519738,12
19726.66670426348,6
19736.66828332957,6
19746.66986239567,9
19756.671441461764,3
19766.673020527858,5
19776.674599593956,8
19786.676178660047,7
19796.677757726146,7
19806.67933679224,4
19816.680915858335,8
19826.682494924433,12
19836.684073990524,6
19846.685653056622,7
19856.687232122713,7
19866.68881118881,6
19876.690390254906,11
19886.691969321,5
19896.6935483871,9
19906.69512745319,9
19916.696706519288,11
19926.698285585382,10
19936.699864651477,6
19946.701443717575,11
19956.703022783666,10
19966.704601849764,7
19976.706180915855,7
19986.707759981953,10
19996.709339048048,5
20006.710918114142,5
20016.71249718024,6
20026.71407624633,4
20036.71565531243,2
20046.717234378524,8
20056.71881344462,10
20066.720392510717,5
20076.721971576808,15
20086.723550642906,7
20096.725129709,5
20106.726708775095,9
20116.728287841193,10
20126.729866907284,8
20136.731445973383,7
20146.733025039473,11
20156.73460410557,5
20166.736183171666,5
20176.73776223776,7
20186.73934130386,5
20196.74092036995,6
20206.742499436048,7
20216.744078502143,5
20226.745657568237,7
20236.747236634335,14
20246.748815700426,7
20256.750394766525,9
20266.751973832615,12
20276.753552898714,9
20286.755131964812,8
20296.756711030903,11
20306.758290097,11
20316.759869163092,11
20326.76144822919,8
20336.763027295285,5
20346.76460636138,15
20356.766185427477,7
20366.76776449357,4
20376.769343559667,5
20386.77092262576,9
20396.772501691856,12
20406.774080757954,5
20416.775659824045,6
20426.777238890143,4
20436.778817956234,13
20446.780397022332,4
20456.781976088427,9
20466.78355515452,4
20476.78513422062,14
20486.78671328671,7
20496.78829235281,9
20506.789871418903,15
20516.791450484998,3
20526.793029551096,7
20536.794608617187,9
20546.796187683285,9
20556.79776674938,8
20566.799345815474,9
20576.800924881572,9
20586.802503947663,13
20596.80408301376,9
20606.805662079852,13
20616.80724114595,12
20626.808820212045,14
20636.81039927814,11
20646.811978344238,15
20656.81355741033,12
20666.815136476427,5
20676.81671554252,7
20686.818294608616,4
20696.819873674714,13
20706.821452740805,5
20716.823031806904,7
20726.824610872995,5
20736.826189939093,11
20746.827769005187,6
20756.829348071282,8
20766.83092713738,8
20776.83250620347,6
20786.83408526957,11
20796.835664335664,4
20806.83724340176,9
20816.838822467857,7
20826.840401533947,6
20836.841980600046,12
20846.84355966614,11
20856.845138732235,10
20866.846717798333,15
20876.848296864424,7
20886.849875930522,9
20896.851454996613,10
20906.85303406271,6
20916.854613128806,9
20926.8561921949,10
20936.857771261,12
20946.85935032709,11
20956.860929393188,10
20966.862508459282,6
20976.864087525377,15
20986.865666591475,8
20996.867245657566,10
21006.868824723664,2
21016.870403789755,6
21026.871982855853,5
21036.87356192195,12
21046.875140988042,8
21056.87672005414,6
21066.87829912023,11
21076.87987818633,5
21086.881457252424,15
21096.88303631852,9
21106.884615384617,9
21116.886194450708,10
21126.887773516806,9
21136.8893525829,13
21146.890931648995,7
21156.892510715094,7
21166.894089781184,9
21176.895668847283,8
21186.897247913374,6
21196.89882697947,14
21206.900406045566,14
21216.90198511166,12
21226.90356417776,13
21236.90514324385,10
21246.90672230995,13
21256.908301376043,14
21266.909880442137,5
21276.911459508236,14
21286.913038574326,11
21296.914617640425,12
21306.91619670652,6
21316.917775772614,14
21326.919354838712,9
21336.920933904803,14
21346.9225129709,14
21356.924092036992,5
21366.92567110309,9
21376.927250169185,8
21386.92882923528,7
21396.930408301378,9
21406.93198736747,11
21416.933566433567,14
21426.93514549966,8
21436.936724565756,14
21446.938303631854,9
21456.939882697945,8
21466.941461764043,16
21476.943040830134,7
21486.944619896232,9
21496.946198962327,13
21506.94777802842,11
21516.94935709452,10
21526.95093616061,10
21536.95251522671,8
21546.954094292803,13
21556.955673358898,6
21566.957252424996,10
21576.958831491087,12
21586.960410557185,16
21596.96198962328,14
21606.963568689374,12
21616.965147755473,9
21626.966726821563,10
21636.96830588766,11
21646.969884953753,12
21656.97146401985,9
21666.973043085945,6
21676.97462215204,8
21686.976201218138,9
21696.97778028423,3
21706.979359350327,5
21716.980938416422,13
21726.982517482516,8
21736.984096548615,8
21746.985675614706,15
21756.987254680804,12
21766.988833746895,15
21776.990412812993,8
21786.99199187909,16
21796.993570945182,7
21806.99515001128,8
21816.99672907737,10
21826.99830814347,10
21836.999887209564,13
21847.00146627566,13
21857.003045341757,9
21867.004624407848,6
21877.006203473946,10
21887.00778254004,13
21897.009361606135,5
21907.010940672233,11
21917.012519738324,8
21927.014098804422,10
21937.015677870513,9
21947.01725693661,12
21957.018836002706,6
21967.0204150688,11
21977.0219941349,10
21987.02357320099,11
21997.025152267088,12
22007.026731333182,16
22017.028310399277,10
22027.029889465375,14
22037.031468531466,19
22047.033047597564,13
22057.03462666366,16
22067.036205729753,15
22077.03778479585,7
22087.039363861943,16
22097.04094292804,20
22107.04252199413,13
22117.04410106023,12
22127.045680126324,12
22137.04725919242,8
22147.048838258517,7
22157.050417324608,8
22167.051996390706,11
22177.0535754568,11
22187.055154522895,15
22197.056733588994,10
22207.058312655085,17
22217.059891721183,20
22227.061470787274,10
22237.063049853372,14
22247.064628919466,10
22257.06620798556,11
22267.06778705166,19
22277.06936611775,13
22287.07094518385,9
22297.072524249943,11
22307.074103316038,20
22317.075682382136,13
22327.077261448227,12
22337.078840514325,9
22347.08041958042,18
22357.081998646514,13
22367.083577712612,14
22377.085156778703,17
22387.0867358448,7
22397.088314910892,16
22407.08989397699,9
22417.091473043085,17
22427.09305210918,14
22437.094631175278,10
22447.09621024137,14
22457.097789307467,14
22467.09936837356,14
22477.100947439656,16
22487.102526505754,11
22497.104105571845,6
22507.105684637943,17
22517.107263704034,9
22527.108842770132,8
22537.11042183623,17
22547.11200090232,13
22557.11357996842,13
22567.11515903451,11
22577.11673810061,12
22587.118317166703,14
22597.119896232798,12
22607.121475298896,18
22617.123054364987,11
22627.124633431085,12
22637.12621249718,10
22647.127791563275,5
22657.129370629373,16
22667.130949695464,7
22677.132528761562,19
22687.134107827653,15
22697.13568689375,12
22707.137265959846,8
22717.13884502594,11
22727.14042409204,18
22737.14200315813,15
22747.143582224227,17
22757.145161290322,6
22767.146740356417,8
22777.148319422515,18
22787.149898488606,11
22797.151477554704,16
22807.1530566208,21
22817.154635686893,22
22827.15621475299,9
22837.157793819082,15
22847.15937288518,19
22857.16095195127,11
22867.16253101737,9
22877.164110083464,12
22887.16568914956,16
22897.167268215657,17
22907.168847281748,7
22917.170426347846,10
22927.17200541394,16
22937.173584480035,16
22947.175163546133,14
22957.176742612224,22
22967.178321678322,14
22977.179900744413,13
22987.18147981051,19
22997.183058876606,20
23007.1846379427,8
23017.1862170088,13
23027.18779607489,15
23037.189375140988,16
23047.190954207083,15
23057.192533273177,16
23067.194112339275,13
23077.195691405366,20
23087.197270471464,15
23097.19884953756,10
23107.200428603654,8
23117.20200766975,17
23127.203586735843,17
23137.20516580194,4
23147.206744868032,13
23157.20832393413,16
23167.209903000225,9
23177.21148206632,10
23187.213061132417,10
23197.21464019851,12
23207.216219264606,13
23217.2177983307,12
23227.219377396796,7
23237.220956462894,10
23247.222535528985,16
23257.224114595083,11
23267.225693661174,9
23277.227272727272,12
23287.22885179337,12
23297.23043085946,15
23307.23200992556,8
23317.23358899165,13
23327.23516805775,12
23337.236747123843,14
23347.238326189938,15
23357.239905256036,15
23367.241484322127,15
23377.243063388225,13
23387.24464245432,24
23397.246221520414,16
23407.247800586512,18
23417.249379652603,12
23427.2509587187,23
23437.252537784792,11
23447.25411685089,10
23457.255695916985,17
23467.25727498308,10
23477.258854049178,16
23487.26043311527,19
23497.262012181367,16
23507.26359124746,8
23517.265170313556,17
23527.266749379654,14
23537.268328445745,16
23547.269907511843,7
23557.271486577938,11
23567.273065644033,21
23577.27464471013,20
23587.27622377622,18
23597.27780284232,13
23607.27938190841,12
23617.28096097451,11
23627.282540040604,9
23637.2841191067,20
23647.285698172796,19
23657.287277238887,19
23667.288856304986,13
23677.29043537108,11
23687.292014437175,21
23697.293593503273,12
23707.295172569364,9
23717.296751635462,11
23727.298330701553,24
23737.29990976765,12
23747.301488833746,15
23757.30306789984,16
23767.30464696594,18
23777.30622603203,15
23787.307805098128,23
23797.309384164222,23
23807.310963230317,13
23817.312542296415,17
23827.314121362506,10
23837.315700428604,23
23847.3172794947,13
23857.318858560793,13
23867.32043762689,18
23877.322016692982,11
23887.32359575908,21
23897.32517482517,13
23907.32675389127,14
23917.328332957364,23
23927.32991202346,23
23937.331491089557,22
23947.333070155648,17
23957.334649221746,26
23967.33622828784,20
23977.337807353935,10
23987.339386420033,13
23997.340965486124,27
24007.342544552223,22
24017.344123618313,18
24027.34570268441,13
24037.34728175051,15
24047.3488608166,13
24057.3504398827,13
24067.35201894879,16
24077.353598014888,18
24087.355177080983,23
24097.356756147077,18
24107.358335213175,20
24117.359914279266,24
24127.361493345365,25
24137.36307241146,15
24147.364651477554,22
24157.366230543652,7
24167.367809609743,12
24177.36938867584,13
24187.370967741932,26
24197.37254680803,16
24207.374125874125,25
24217.37570494022,25
24227.377284006317,10
24237.37886307241,25
24247.380442138507,18
24257.3820212046,19
24267.383600270696,21
24277.385179336794,17
24287.386758402885,14
24297.388337468983,13
24307.389916535078,23
24317.391495601172,23
24327.39307466727,25
24337.39465373336,25
24347.39623279946,10
24357.39781186555,15
24367.39939093165,14
24377.400969997743,20
24387.402549063838,17
24397.404128129936,20
24407.405707196027,15
24417.407286262125,18
24427.40886532822,22
24437.410444394314,27
24447.412023460412,18
24457.413602526503,22
24467.4151815926,27
24477.416760658693,17
24487.41833972479,19
24497.419918790885,21
24507.42149785698,17
24517.423076923078,21
24527.42465598917,20
24537.426235055267,16
24547.42781412136,19
24557.429393187456,20
24567.430972253555,24
24577.432551319645,17
24587.434130385744,19
24597.43570945184,24
24607.437288517933,15
24617.43886758403,18
24627.440446650122,33
24637.44202571622,14
24647.44360478231,17
24657.44518384841,22
24667.446762914504,22
24677.4483419806,18
24687.449921046697,22
24697.451500112787,15
24707.453079178886,26
24717.45465824498,21
24727.456237311075,19
24737.457816377173,29
24747.459395443264,23
24757.460974509362,14
24767.462553575453,22
24777.46413264155,32
24787.46571170765,24
24797.46729077374,26
24807.46886983984,19
24817.47044890593,28
24827.472027972028,26
24837.473607038122,23
24847.475186104217,21
24857.476765170315,14
24867.478344236406,23
24877.479923302504,29
24887.4815023686,12
24897.483081434693,22
24907.48466050079,25
24917.486239566882,21
24927.48781863298,17
24937.48939769907,20
24947.49097676517,19
24957.492555831264,26
24967.49413489736,38
24977.495713963457,24
24987.497293029548,24
24997.498872095646,28
25007.50045116174,33
25017.502030227835,27
25027.503609293934,34
25037.505188360024,21
25047.506767426123,35
25057.508346492217,18
25067.50992555831,35
25077.51150462441,22
25087.5130836905,27
25097.5146627566,24
25107.51624182269,30
25117.51782088879,23
25127.519399954883,30
25137.520979020977,17
25147.522558087076,27
25157.524137153167,27
25167.525716219265,31
25177.52729528536,23
25187.528874351454,22
25197.530453417552,29
25207.532032483643,16
25217.53361154974,27
25227.535190615832,22
25237.53676968193,31
25247.538348748025,27
25257.53992781412,22
25267.541506880218,46
25277.54308594631,27
25287.544665012407,26
25297.5462440785,36
25307.547823144596,31
25317.549402210694,28
25327.550981276785,19
25337.552560342883,34
25347.554139408978,29
25357.555718475072,38
25367.55729754117,28
25377.55887660726,16
25387.56045567336,20
25397.56203473945,29
25407.56361380555,23
25417.565192871643,27
25427.566771937738,38
25437.568351003836,36
25447.569930069927,29
25457.571509136025,43
25467.57308820212,30
25477.574667268214,27
25487.576246334313,28
25497.577825400404,38
25507.5794044665,38
25517.580983532593,23
25527.58256259869,38
25537.58414166479,34
25547.58572073088,33
25557.58729979698,28
25567.58887886307,31
25577.590457929167,23
25587.592036995262,31
25597.593616061356,39
25607.595195127455,36
25617.596774193546,28
25627.598353259644,22
25637.599932325735,31
25647.601511391833,33
25657.60309045793,25
25667.604669524022,41
25677.60624859012,30
25687.60782765621,38
25697.60940672231,31
25707.610985788408,40
25717.6125648545,41
25727.614143920597,33
25737.615722986688,31
25747.617302052786,44
25757.61888111888,38
25767.620460184975,35
25777.622039251073,31
25787.623618317164,47
25797.625197383262,32
25807.626776449353,37
25817.62835551545,29
25827.62993458155,43
25837.63151364764,35
25847.63309271374,32
25857.63467177983,44
25867.636250845928,32
25877.637829912022,27
25887.639408978117,36
25897.640988044215,31
25907.642567110306,45
25917.644146176404,31
25927.6457252425,39
25937.647304308593,30
25947.64888337469,38
25957.650462440783,41
25967.65204150688,36
25977.65362057297,40
25987.65519963907,29
25997.656778705168,44
26007.65835777126,30
26017.659936837357,37
26027.661515903448,37
26037.663094969546,39
26047.66467403564,32
26057.666253101735,35
26067.667832167834,38
26077.669411233925,28
26087.670990300023,28
26097.672569366114,35
26107.674148432212,31
26117.67572749831,45
26127.6773065644,38
26137.6788856305,32
26147.68046469659,38
26157.68204376269,45
26167.683622828787,34
26177.685201894878,40
26187.686780960976,41
26197.688360027067,36
26207.689939093165,29
26217.69151815926,34
26227.693097225354,43
26237.694676291452,44
26247.696255357543,37
26257.69783442364,35
26267.699413489732,38
26277.70099255583,36
26287.70257162193,34
26297.70415068802,40
26307.705729754118,37
26317.70730882021,48
26327.708887886307,44
26337.7104669524,47
26347.712046018496,27
26357.713625084594,36
26367.715204150685,27
26377.716783216783,37
26387.718362282874,34
26397.719941348972,42
26407.72152041507,33
26417.72309948116,39
26427.72467854726,28
26437.72625761335,39
26447.72783667945,48
26457.729415745547,36
26467.730994811638,46
26477.732573877736,39
26487.734152943827,37
26497.735732009925,45
26507.73731107602,29
26517.738890142115,32
26527.740469208213,39
26537.742048274304,41
26547.743627340402,29
26557.745206406493,35
26567.74678547259,36
26577.74836453869,34
26587.74994360478,35
26597.75152267088,37
26607.75310173697,30
26617.754680803067,34
26627.756259869162,41
26637.757838935257,39
26647.759418001355,35
26657.760997067446,40
26667.762576133544,33
26677.76415519964,35
26687.765734265733,39
26697.76731333183,36
26707.768892397922,30
26717.77047146402,41
26727.77205053011,36
26737.77362959621,46
26747.775208662308,46
26757.7767877284,41
26767.778366794497,37
26777.779945860588,37
26787.781524926686,37
26797.78310399278,42
26807.784683058875,42
26817.786262124973,36
26827.787841191064,31
26837.789420257162,39
26847.790999323253,38
26857.79257838935,40
26867.79415745545,33
26877.79573652154,32
26887.79731558764,51
26897.79889465373,42
26907.800473719828,38
26917.802052785926,36
26927.803631852017,37
26937.805210918115,40
26947.806789984206,41
26957.808369050304,38
26967.8099481164,39
26977.811527182494,41
26987.81310624859,42
26997.814685314683,47
27007.81626438078,42
27017.817843446872,35
27027.81942251297,47
27037.82100157907,37
27047.82258064516,41
27057.824159711257,42
27067.82573877735,33
27077.827317843447,36
27087.82889690954,40
27097.830475975636,42
27107.832055041734,36
27117.833634107825,26
27127.835213173923,39
27137.836792240014,38
27147.838371306112,43
27157.83995037221,28
27167.8415294383,36
27177.8431085044,32
27187.84468757049,41
27197.84626663659,36
27207.847845702687,33
27217.849424768778,37
27227.851003834876,38
27237.852582900967,28
27247.854161967065,28
27257.85574103316,41
27267.857320099254,44
27277.858899165352,32
27287.860478231443,38
27297.86205729754,32
27307.863636363632,36
27317.86521542973,32
27327.86679449583,42
27337.86837356192,35
27347.869952628018,35
27357.87153169411,30
27367.873110760207,40
27377.8746898263,30
27387.876268892396,40
27397.877847958494,50
27407.879427024585,33
27417.881006090684,32
27427.882585156778,31
27437.884164222873,37
27447.88574328897,41
27457.88732235506,32
27467.88890142116,31
27477.89048048725,42
27487.89205955335,34
27497.893638619447,38
27507.89521768554,31
27517.896796751636,39
27527.898375817727,27
27537.899954883826,24
27547.90153394992,41
27557.903113016015,33
27567.904692082113,20
27577.906271148204,42
27587.907850214302,29
27597.909429280393,38
27607.91100834649,22
27617.91258741259,36
27627.91416647868,31
27637.91574554478,36
27647.91732461087,37
27657.918903676968,31
27667.920482743066,27
27677.922061809157,23
27687.923640875255,19
27697.925219941346,30
27707.926799007444,45
27717.92837807354,31
27727.929957139633,36
27737.93153620573,20
27747.933115271822,32
27757.93469433792,28
27767.93627340401,31
27777.93785247011,22
27787.939431536208,23
27797.9410106023,29
27807.942589668397,30
27817.944168734488,25
27827.945747800586,45
27837.94732686668,35
27847.948905932775,26
27857.950484998873,24
27867.952064064964,26
27877.953643131063,36
27887.955222197153,28
27897.95680126325,34
27907.95838032935,24
27917.95995939544,26
27927.96153846154,22
27937.96311752763,20
27947.964696593728,34
27957.966275659826,24
27967.967854725917,29
27977.969433792015,27
27987.971012858106,24
27997.972591924205,28
28007.9741709903,27
28017.975750056394,23
28027.977329122492,26
28037.978908188583,24
28047.98048725468,36
28057.982066320772,30
28067.98364538687,28
28077.98522445297,24
28087.98680351906,22
28097.988382585158,36
28107.98996165125,25
28117.991540717347,27
28127.99311978344,20
28137.994698849536,27
28147.996277915634,33
28157.997856981725,29
28167.999436047823,31
28178.001015113918,29
28188.002594180012,26
28198.00417324611,28
28208.0057523122,26
28218.0073313783,20
28228.00891044439,12
28238.01048951049,24
28248.012068576587,25
28258.013647642678,32
28268.015226708776,25
28278.016805774867,28
28288.018384840965,20
28298.01996390706,24
28308.021542973154,28
28318.023122039252,25
28328.024701105343,24
28338.02628017144,26
28348.027859237533,25
28358.02943830363,19
28368.03101736973,29
28378.03259643582,20
28388.034175501918,28
28398.03575456801,21
28408.037333634107,21
28418.038912700205,22
28428.040491766296,17
28438.042070832395,34
28448.043649898485,17
28458.045228964584,16
28468.04680803068,25
28478.048387096773,18
28488.04996616287,26
28498.051545228962,19
28508.05312429506,19
28518.05470336115,25
28528.05628242725,20
28538.057861493347,21
28548.05944055944,23
28558.061019625537,15
28568.062598691627,20
28578.064177757726,22
28588.06575682382,17
28598.067335889915,23
28608.068914956013,22
28618.070494022104,22
28628.072073088202,14
28638.073652154293,17
28648.07523122039,19
28658.07681028649,28
28668.07838935258,21
28678.07996841868,23
28688.08154748477,19
28698.083126550868,16
28708.084705616966,22
28718.086284683057,17
28728.087863749155,16
28738.089442815246,15
28748.091021881344,23
28758.09260094744,22
28768.094180013533,11
28778.09575907963,21
28788.097338145722,17
28798.09891721182,19
28808.10049627791,23
28818.10207534401,17
28828.103654410108,22
28838.1052334762,23
28848.106812542297,17
28858.108391608388,15
28868.109970674486,23
28878.11154974058,21
28888.113128806675,17
28898.114707872774,19
28908.116286938865,19
28918.117866004963,20
28928.119445071057,8
28938.121024137152,23
28948.12260320325,21
28958.12418226934,18
28968.12576133544,14
28978.12734040153,17
28988.12891946763,20
28998.130498533726,13
29008.132077599817,12
29018.133656665916,14
29028.135235732007,10
29038.136814798105,12
29048.1383938642,26
29058.139972930294,26
29068.141551996392,11
29078.143131062483,18
29088.14471012858,28
29098.146289194672,14
29108.14786826077,19
29118.14944732687,15
29128.15102639296,17
29138.152605459058,17
29148.15418452515,17
29158.155763591247,16
29168.157342657345,14
29178.158921723436,8
29188.160500789534,17
29198.162079855625,13
29208.163658921723,20
29218.165237987818,8
29228.166817053912,11
29238.16839612001,13
29248.1699751861,19
29258.1715542522,15
29268.17313331829,14
29278.17471238439,22
29288.176291450487,10
29298.177870516578,16
29308.179449582676,11
29318.181028648767,12
29328.182607714865,17
29338.18418678096,9
29348.185765847054,17
29358.187344913153,10
29368.188923979244,14
29378.19050304534,10
29388.192082111433,15
29398.19366117753,23
29408.19524024363,15
29418.19681930972,9
29428.19839837582,15
29438.19997744191,10
29448.201556508007,21
29458.203135574106,12
29468.204714640196,8
29478.206293706295,14
29488.207872772386,20
29498.209451838484,13
29508.21103090458,11
29518.212609970673,18
29528.21418903677,8
29538.215768102862,10
29548.21734716896,11
29558.21892623505,10
29568.22050530115,12
29578.222084367248,11
29588.22366343334,10
29598.225242499437,14
29608.226821565528,13
29618.228400631626,12
29628.22997969772,12
29638.231558763815,13
29648.233137829913,21
29658.234716896004,17
29668.236295962102,12
29678.237875028197,8
29688.23945409429,12
29698.24103316039,9
29708.24261222648,12
29718.24419129258,17
29728.24577035867,19
29738.247349424768,8
29748.248928490866,13
29758.250507556957,6
29768.252086623055,10
29778.253665689146,10
29788.255244755244,4
29798.25682382134,6
29808.258402887433,11
29818.25998195353,9
29828.261561019623,9
29838.26314008572,6
29848.26471915181,13
29858.26629821791,6
29868.267877284008,5
29878.2694563501,8
29888.271035416197,8
29898.27261448229,13
29908.274193548386,15
29918.275772614485,9
29928.277351680576,8
29938.278930746674,4
29948.280509812765,8
29958.282088878863,11
29968.283667944957,12
29978.285247011052,10
29988.28682607715,11
29998.28840514324,9
30008.28998420934,13
30018.29156327543,7
30028.29314234153,10
30038.294721407627,5
30048.296300473718,11
30058.297879539816,11
30068.299458605907,15
30078.301037672005,6
30088.3026167381,7
30098.304195804194,10
30108.305774870292,10
30118.307353936383,10
30128.30893300248,8
30138.310512068572,6
30148.31209113467,6
30158.31367020077,9
30168.31524926686,6
30178.316828332958,10
30188.31840739905,5
30198.319986465147,8
30208.321565531245,4
30218.323144597336,13
30228.324723663434,7
30238.326302729525,8
30248.327881795623,7
30258.329460861718,4
30268.331039927813,9
30278.33261899391,7
30288.33419806,8
30298.3357771261,11
30308.33735619219,11
30318.33893525829,4
30328.340514324387,9
30338.342093390478,6
30348.343672456576,10
30358.345251522667,6
30368.346830588765,5
30378.34840965486,9
30388.349988720955,6
30398.351567787053,6
30408.353146853144,3
30418.354725919242,12
30428.356304985336,6
30438.35788405143,8
30448.35946311753,2
30458.36104218362,6
30468.36262124972,8
30478.36420031581,7
30488.365779381907,9
30498.367358448006,6
30508.368937514097,7
30518.370516580195,5
30528.372095646286,7
30538.373674712384,8
30548.37525377848,3
30558.376832844573,9
30568.37841191067,6
30578.379990976762,5
30588.38157004286,6
30598.38314910895,7
30608.38472817505,3
30618.386307241148,7
30628.38788630724,6
30638.389465373337,9
30648.391044439428,8
30658.392623505526,10
30668.394202571624,9
30678.395781637715,3
30688.397360703813,8
30698.398939769904,6
30708.400518836002,6
30718.402097902097,7
30728.40367696819,5
30738.40525603429,10
30748.40683510038,3
30758.40841416648,6
30768.40999323257,2
30778.411572298668,1
30788.413151364766,4
30798.414730430857,4
30808.416309496955,7
30818.417888563046,6
30828.419467629144,6
30838.42104669524,7
30848.422625761334,6
30858.424204827432,4
30868.425783893523,4
30878.42736295962,6
30888.428942025712,6
30898.43052109181,5
30908.43210015791,8
30918.433679224,3
30928.435258290097,7
30938.43683735619,8
30948.438416422287,4
30958.439995488385,10
30968.441574554476,5
30978.443153620574,4
30988.444732686665,5
30998.446311752763,7
31008.447890818858,5
31018.449469884952,1
31028.45104895105,6
31038.45262801714,4
31048.45420708324,7
31058.45578614933,5
31068.45736521543,7
31078.458944281527,8
31088.460523347618,8
31098.462102413716,6
31108.463681479807,5
31118.465260545905,7
31128.466839612,6
31138.468418678094,8
31148.469997744192,8
31158.471576810283,4
31168.47315587638,7
31178.474734942476,12
31188.47631400857,7
31198.47789307467,5
31208.47947214076,6
31218.481051206858,2
31228.48263027295,4
31238.484209339047,5
31248.485788405145,8
31258.487367471236,8
31268.488946537334,4
31278.490525603425,3
31288.492104669524,3
31298.493683735618,1
31308.495262801713,9
31318.49684186781,3
31328.4984209339,7
31338.5,4
31348.50157906609,7
31358.50315813219,4
31368.504737198287,2
31378.50631626438,3
31388.507895330476,4
31398.509474396567,4
31408.511053462666,3
31418.512632528764,5
31428.514211594855,6
31438.515790660953,0
31448.517369727044,5
31458.518948793142,9
31468.520527859237,2
31478.52210692533,4
31488.52368599143,4
31498.52526505752,4
31508.52684412362,4
31518.52842318971,4
31528.530002255808,1
31538.531581321906,3
31548.533160387997,5
31558.534739454095,7
31568.536318520186,1
31578.537897586284,7
31588.53947665238,3
31598.541055718473,6
31608.54263478457,4
31618.544213850662,6
31628.54579291676,3
31638.54737198285,5
31648.54895104895,3
31658.550530115048,4
31668.55210918114,4
31678.553688247237,4
31688.555267313328,1
31698.556846379426,4
31708.558425445524,4
31718.560004511615,2
31728.561583577713,5
31738.563162643804,3
31748.564741709903,5
31758.566320775997,2
31768.56789984209,4
31778.56947890819,2
31788.57105797428,3
31798.57263704038,6
31808.57421610647,2
31818.575795172568,2
31828.577374238666,6
31838.578953304757,0
31848.580532370856,4
31858.582111436946,3
31868.583690503045,3
31878.58526956914,3
31888.586848635234,3
31898.588427701332,5
31908.590006767423,2
31918.59158583352,3
31928.593164899616,4
31938.59474396571,2
31948.59632303181,2
31958.5979020979,3
31968.599481163998,4
31978.60106023009,0
31988.602639296187,2
31998.604218362285,1
32008.605797428376,3
32018.607376494474,3
32028.608955560565,3
32038.610534626663,1
32048.612113692758,4
32058.613692758852,3
32068.61527182495,3
32078.61685089104,2
32088.61842995714,2
32098.62000902323,6
32108.62158808933,3
32118.623167155427,4
32128.624746221518,4
32138.626325287616,3
32148.627904353707,4
32158.629483419805,4
32168.631062485903,5
32178.632641551994,2
32188.634220618093,4
32198.635799684183,2
32208.63737875028,4
32218.638957816376,0
32228.64053688247,1
32238.64211594857,0
32248.64369501466,2
32258.645274080758,4
32268.64685314685,1
32278.648432212947,1
32288.650011279045,3
32298.651590345136,1
32308.653169411235,4
32318.654748477325,2
32328.656327543424,4
32338.65790660952,6
32348.659485675613,3
32358.66106474171,1
32368.662643807802,2
32378.6642228739,1
32388.66580193999,5
32398.66738100609,2
32408.668960072187,0
32418.67053913828,3
32428.672118204377,2
32438.673697270468,2
32448.675276336566,2
32458.676855402664,2
32468.678434468755,6
32478.680013534853,0
32488.681592600944,3
32498.683171667042,3
32508.684750733137,3
32518.68632979923,0
32528.68790886533,2
32538.68948793142,1
32548.69106699752,2
32558.69264606361,0
32568.694225129708,5
32578.695804195806,4
32588.697383261897,1
32598.698962327995,1
32608.700541394086,1
32618.702120460184,3
32628.70369952628,8
32638.705278592373,1
32648.70685765847,1
32658.708436724562,2
32668.71001579066,2
32678.711594856755,2
32688.71317392285,0
32698.714752988948,1
32708.71633205504,1
32718.717911121137,0
32728.719490187228,3
32738.721069253326,0
32748.722648319424,3
32758.724227385515,0
32768.725806451606,4
32778.727385517705,1
32788.7289645838,5
32798.7305436499,2
32808.732122716,2
32818.73370178208,1
32828.73528084818,4
32838.73685991428,3
32848.73843898038,1
32858.74001804647,1
32868.74159711256,2
32878.74317617866,2
32888.744755244756,2
32898.746334310854,4
32908.747913376945,3
32918.749492443036,3
32928.751071509134,1
32938.75265057523,3
32948.75422964133,1
32958.755808707414,2
32968.75738777351,0
32978.75896683961,0
32988.76054590571,4
32998.76212497181,0
33008.76370403789,2
33018.76528310399,3
33028.76686217009,1
33038.768441236185,2
33048.77002030228,0
33058.77159936837,0
33068.773178434465,3
33078.77475750056,1
33088.77633656666,0
33098.77791563276,2
33108.77949469884,2
33118.78107376494,0
33128.78265283104,0
33138.78423189714,5
33148.78581096323,0
33158.78739002932,2
33168.78896909542,2
33178.790548161516,1
33188.792127227614,0
33198.793706293705,2
33208.795285359796,0
33218.796864425894,1
33228.79844349199,1
33238.80002255809,1
33248.801601624175,1
33258.80318069027,2
33268.80475975637,0
33278.80633882247,3
33288.80791788857,1
33298.80949695465,0
33308.81107602075,0
33318.81265508685,1
33328.814234152946,0
33338.815813219044,1
33348.81739228513,2
33358.818971351226,1
33368.820550417324,0
33378.82212948342,0
33388.82370854952,0
33398.825287615604,1
33408.8268666817,1
33418.8284457478,1
33428.8300248139,1
33438.83160388,2
33448.83318294608,0
33458.83476201218,2
33468.83634107828,1
33478.837920144375,1
33488.839499210466,1
33498.84107827656,0
33508.842657342655,3
33518.84423640875,1
33528.84581547485,1
33538.847394540935,0
33548.84897360703,0
33558.85055267313,1
33568.85213173923,1
33578.85371080533,3
33588.85528987141,0
33598.85686893751,2
33608.85844800361,2
33618.860027069706,0
33628.861606135804,2
33638.86318520189,0
33648.864764267986,2
33658.866343334084,0
33668.86792240018,2
33678.86950146628,1
33688.871080532364,0
33698.87265959846,1
33708.87423866456,0
33718.87581773066,1
33728.87739679676,1
33738.87897586284,0
33748.88055492894,1
33758.88213399504,2
33768.883713061135,3
33778.88529212723,2
33788.88687119332,1
33798.888450259416,0
33808.890029325514,2
33818.89160839161,0
33828.893187457696,1
33838.894766523794,0
33848.89634558989,1
33858.89792465599,1
33868.89950372209,2
33878.90108278817,0
33888.90266185427,0
33898.90424092037,0
33908.90581998647,0
33918.907399052565,0
33928.90897811865,3
33938.91055718475,0
33948.912136250845,1
33958.91371531694,0
33968.91529438304,4
33978.916873449125,1
33988.91845251522,0
33998.92003158132,1
34008.92161064742,0
34018.92318971352,0
34028.9247687796,0
34038.9263478457,1
34048.9279269118,2
34058.929505977896,0
34068.93108504399,0
34078.93266411008,0
34088.934243176176,0
34098.935822242274,1
34108.93740130837,0
34118.938980374456,1
34128.940559440554,1
34138.94213850665,1
34148.94371757275,0
34158.94529663885,0
34168.94687570493,1
34178.94845477103,0
34188.95003383713,2
34198.95161290323,1
34208.953191969325,1
34218.95477103541,1
34228.95635010151,0
34238.957929167605,0
34248.959508233704,0
34258.9610872998,1
34268.962666365886,0
34278.964245431984,0
34288.96582449808,1
34298.96740356418,0
34308.96898263028,1
34318.97056169636,0
34328.97214076246,0
34338.97371982856,0
34348.97529889466,0
34358.97687796075,0
34368.97845702684,0
34378.98003609294,1
34388.981615159035,1
34398.98319422513,3
34408.984773291224,0
34418.986352357315,0
34428.98793142341,0
34438.98951048951,2
34448.99108955561,0
34458.99266862169,0
34468.99424768779,0
34478.99582675389,0
34488.99740581999,1
34498.998984886086,0
34509.00056395217,1
34519.00214301827,1
34529.003722084366,1
34539.005301150464,0
34549.00688021656,3
34559.008459282646,1
34569.010038348744,0
34579.01161741484,2
34589.01319648094,0
34599.01477554704,1
34609.01635461312,0
34619.01793367922,0
34629.01951274532,0
34639.02109181142,0
34649.02267087751,0
34659.0242499436,0
34669.0258290097,0
34679.027408075795,1
34689.02898714189,0
34699.030566207985,0
34709.032145274075,0
34719.033724340174,0
34729.03530340627,0
34739.03688247237,0
34749.038461538454,0
34759.04004060455,0
34769.04161967065,0
34779.04319873675,1
34789.04477780285,0
34799.04635686893,2
34809.04793593503,1
34819.04951500113,0
34829.051094067225,0
34839.05267313332,0
34849.05425219941,0
34859.055831265505,0
34869.0574103316,1
34879.0589893977,0
34889.0605684638,1
34899.06214752988,0
34909.06372659598,1
34919.06530566208,0
34929.06688472818,0
34939.068463794276,1
34949.07004286036,1
34959.07162192646,0
34969.073200992556,0
34979.074780058654,1
34989.076359124745,1
34999.077938190836,0
35009.079517256934,0
35019.08109632303,0
35029.08267538913,0
35039.084254455214,0
35049.08583352131,0
35059.08741258741,0
35069.08899165351,1
35079.09057071961,1
35089.09214978569,0
35099.09372885179,0
35109.09530791789,1
35119.096886983985,1
35129.09846605008,1
35139.10004511617,0
35149.101624182265,1
35159.10320324836,0
35169.10478231446,0
35179.10636138056,0
35189.10794044664,0
35199.10951951274,0
35209.11109857884,0
35219.11267764494,0
35229.11425671104,0
35239.11583577712,1
35249.11741484322,1
35259.11899390932,1
35269.120572975415,0
35279.122152041506,0
35289.1237311076,1
35299.125310173695,1
35309.12688923979,0
35319.12846830589,0
35329.130047371975,0
35339.13162643807,0
35349.13320550417,0
35359.13478457027,0
35369.13636363637,1
35379.13794270245,0
35389.13952176855,1
35399.14110083465,0
35409.142679900746,0
35419.144258966844,0
35429.14583803293,0
35439.147417099026,0
35449.148996165124,1
35459.15057523122,0
35469.15215429732,0
35479.153733363404,0
35489.1553124295,0
35499.1568914956,1
35509.1584705617,1
35519.1600496278,0
35529.16162869388,0
35539.16320775998,0
35549.16478682608,0
35559.166365892175,0
35569.167944958266,1
35579.16952402436,0
35589.171103090455,0
35599.17268215655,0
35609.17426122265,1
35619.175840288735,0
35629.17741935483,1
35639.17899842093,1
35649.18057748703,0
35659.18215655313,0
35669.18373561921,0
35679.18531468531,0
35689.18689375141,0
35699.18847281751,0
35709.190051883605,0
35719.19163094969,0
35729.19321001579,0
35739.194789081885,0
35749.19636814798,0
35759.19794721408,0
35769.199526280165,0
35779.20110534626,2
35789.20268441236,1
35799.20426347846,1
35809.20584254456,0
35819.20742161064,0
35829.20900067674,0
35839.21057974284,0
35849.212158808936,0
35859.21373787503,1
35869.21531694112,0
35879.216896007216,1
35889.218475073314,0
35899.22005413941,0
35909.2216332055,0
35919.223212271594,0
35929.22479133769,0
35939.22637040379,0
35949.22794946989,0
35959.22952853597,0
35969.23110760207,0
35979.23268666817,1
35989.23426573427,0
35999.235844800365,0
36009.23742386645,0
36019.23900293255,0
36029.240581998645,0
36039.24216106474,0
36049.24374013084,0
36059.245319196925,0
36069.24689826302,0
36079.24847732912,1
36089.25005639522,0
36099.25163546132,1
36109.2532145274,0
36119.2547935935,0
36129.2563726596,0
36139.257951725696,0
36149.25953079179,0
36159.26110985788,0
36169.26268892398,0
36179.264267990075,0
36189.26584705617,0
36199.267426122264,0
36209.269005188355,0
36219.27058425445,0
36229.27216332055,0
36239.27374238665,0
36249.27532145273,0
36259.27690051883,0
36269.27847958493,0
36279.28005865103,1
36289.281637717126,0
36299.28321678321,0
36309.28479584931,0
36319.286374915406,0
36329.287953981504,0
36339.2895330476,0
36349.291112113686,0
36359.292691179784,0
36369.29427024588,0
36379.29584931198,0
36389.29742837808,0
36399.29900744416,0
36409.30058651026,0
36419.30216557636,1
36429.30374464246,0
36439.305323708555,0
36449.30690277464,0
36459.30848184074,0
36469.310060906835,0
36479.31163997293,0
36489.313219039024,0
36499.314798105115,0
36509.31637717121,0
36519.31795623731,0
36529.31953530341,0
36539.32111436949,1
36549.32269343559,1
36559.32427250169,0
36569.32585156779,0
36579.327430633886,0
36589.32900969997,1
36599.33058876607,1
36609.332167832166,0
36619.333746898265,0
36629.33532596436,0
36639.336905030446,0
36649.338484096545,1
36659.34006316264,0
36669.34164222874,0
36679.34322129484,0
36689.34480036092,0
36699.34637942702,0
36709.34795849312,0
36719.34953755922,1
36729.351116625316,0
36739.3526956914,0
36749.3542747575,0
36759.355853823596,1
36769.357432889694,0
36779.359011955785,0
36789.360591021876,0
36799.362170087974,0
36809.36374915407,0
36819.36532822017,0
36829.366907286254,1
36839.36848635235,0
36849.37006541845,0
36859.37164448455,0
36869.37322355065,0
36879.37480261673,0
36889.37638168283,1
36899.37796074893,0
36909.379539815025,0
36919.38111888112,0
36929.38269794721,0
36939.384277013305,0
36949.3858560794,0
36959.3874351455,0
36969.3890142116,1
36979.39059327768,0
36989.39217234378,0
36999.39375140988,1
37009.39533047598,0
37019.396909542076,0
37029.39848860816,0
37039.40006767426,0
37049.401646740356,0
37059.403225806454,0
37069.404804872545,1
37079.406383938636,0
37089.407963004734,1
37099.40954207083,1
37109.41112113693,0
37119.412700203015,0
37129.41427926911,0
37139.41585833521,0
37149.41743740131,0
37159.41901646741,0
37169.42059553349,0
37179.42217459959,0
37189.42375366569,1
37199.425332731786,1
37209.426911797884,0
37219.42849086397,0
37229.430069930066,0
37239.431648996164,1
37249.43322806226,0
37259.43480712836,0
37269.436386194444,1
37279.43796526054,0
37289.43954432664,0
37299.44112339274,0
37309.44270245884,0
37319.44428152492,0
37329.44586059102,0
37339.44743965712,0
37349.449018723215,0
37359.450597789306,0
37369.4521768554,0
37379.453755921495,0
37389.45533498759,1
37399.45691405369,0
37409.45849311978,1
37419.46007218587,1
37429.46165125197,0
37439.46323031807,0
37449.46480938417,0
37459.46638845025,0
37469.46796751635,1
37479.46954658245,0
37489.471125648546,0
37499.472704714644,0
37509.47428378073,0
37519.475862846826,1
37529.477441912924,0
37539.47902097902,1
37549.48060004512,1
37559.482179111204,1
37569.4837581773,1
37579.4853372434,0
37589.4869163095,0
37599.4884953756,0
37609.49007444168,1
37619.49165350778,1
37629.49323257388,0
37639.494811639976,1
37649.49639070607,0
37659.49796977216,1
37669.499548838256,0
37679.501127904354,0
37689.50270697045,0
37699.50428603654,0
37709.505865102634,0
37719.50744416873,0
37729.50902323483,0
37739.51060230093,0
37749.51218136701,1
37759.51376043311,1
37769.51533949921,0
37779.51691856531,0
37789.518497631405,0
37799.52007669749,0
37809.52165576359,0
37819.523234829685,0
37829.52481389578,0
37839.52639296188,0
37849.527972027965,0
37859.52955109406,0
37869.53113016016,0
37879.53270922626,0
37889.53428829236,0
37899.53586735844,0
37909.53744642454,0
37919.53902549064,0
37929.540604556736,1
37939.542183622834,0
37949.54376268892,1
37959.545341755016,0
37969.546920821114,0
37979.54849988721,0
37989.5500789533,1
37999.551658019394,0
38009.55323708549,0
38019.55481615159,0
38029.55639521769,0
38039.55797428377,1
38049.55955334987,0
38059.56113241597,2
38069.56271148207,0
38079.564290548165,1
38089.56586961425,0
38099.56744868035,0
38109.569027746445,0
38119.570606812544,0
38129.57218587864,0
38139.573764944726,0
38149.575344010824,0
38159.57692307692,1
38169.57850214302,0
38179.58008120912,0
38189.5816602752,0
38199.5832393413,0
38209.5848184074,0
38219.5863974735,0
38229.587976539595,0
38239.58955560568,0
38249.59113467178,1
38259.592713737875,0
38269.59429280397,1
38279.595871870064,0
38289.597450936155,1
38299.59903000225,0
38309.60060906835,0
38319.60218813445,0
38329.60376720053,0
38339.60534626663,0
38349.60692533273,2
38359.60850439883,0
38369.610083464926,0
38379.61166253101,0
38389.61324159711,0
38399.614820663206,0
38409.616399729304,1
38419.6179787954,0
38429.619557861486,0
38439.621136927584,0
38449.62271599368,0
38459.62429505978,0
38469.62587412588,0
38479.62745319196,0
38489.62903225806,1
38499.63061132416,1
38509.63219039026,0
38519.633769456355,0
38529.63534852244,0
38539.63692758854,1
38549.638506654635,1
38559.64008572073,0
38569.641664786825,0
38579.643243852915,0
38589.644822919014,0
38599.64640198511,0
38609.64798105121,0
38619.649560117294,0
38629.65113918339,0
38639.65271824949,0
38649.65429731559,0
38659.65587638169,0
38669.65745544777,0
38679.65903451387,0
38689.66061357997,0
38699.662192646065,0
38709.66377171216,0
38719.66535077825,0
38729.666929844345,0
38739.66850891044,0
38749.67008797654,0
38759.67166704264,0
38769.67324610872,0
38779.67482517482,0
38789.67640424092,0
38799.67798330702,0
38809.679562373116,0
38819.6811414392,0
38829.6827205053,0
38839.684299571396,0
38849.685878637494,0
38859.687457703585,0
38869.689036769676,0
38879.690615835774,0
38889.69219490187,0
38899.69377396797,0
38909.69535303406,0
38919.69693210015,0
38929.69851116625,0
38939.70009023235,0
38949.70166929845,0
38959.70324836453,0
38969.70482743063,1
38979.70640649673,0
38989.707985562825,0
38999.70956462892,0
39009.71114369501,0
39019.712722761105,0
39029.7143018272,0
39039.7158808933,0
39049.7174599594,0
39059.719039025484,0
39069.72061809158,0
39079.72219715768,1
39089.72377622378,0
39099.72535528988,0
39109.72693435596,0
39119.72851342206,0
39129.73009248816,1
39139.731671554255,0
39149.733250620346,0
39159.73482968644,0
39169.736408752535,0
39179.73798781863,0
39189.73956688473,0
39199.74114595082,1
39209.74272501691,0
39219.74430408301,0
39229.74588314911,0
39239.74746221521,0
39249.74904128129,0
39259.75062034739,0
39269.75219941349,0
39279.753778479586,0
39289.755357545684,0
39299.75693661177,0
39309.758515677866,0
39319.760094743964,0
39329.76167381006,1
39339.76325287616,0
39349.764831942244,0
39359.76641100834,0
39369.76799007444,1
39379.76956914054,0
39389.77114820664,0
39399.77272727272,0
39409.77430633882,0
39419.77588540492,0
39429.777464471015,0
39439.77904353711,0
39449.7806226032,0
39459.782201669295,0
39469.78378073539,2
39479.78535980149,0
39489.78693886758,0
39499.78851793367,0
39509.79009699977,0
39519.79167606587,0
39529.79325513197,0
39539.79483419805,0
39549.79641326415,0
39559.79799233025,0
39569.79957139635,1
39579.801150462445,0
39589.80272952853,0
39599.80430859463,0
39609.805887660725,0
39619.80746672682,1
39629.80904579292,0
39639.810624859005,0
39649.8122039251,0
39659.8137829912,3
39669.8153620573,0
39679.8169411234,0
39689.81852018948,0
39699.82009925558,0
39709.82167832168,0
39719.823257387776,0
39729.824836453874,0
39739.82641551996,0
39749.827994586056,1
39759.829573652154,0
39769.83115271825,0
39779.83273178434,0
39789.834310850434,1
39799.83588991653,0
39809.83746898263,0
39819.83904804873,0
39829.84062711481,0
39839.84220618091,0
39849.84378524701,0
39859.84536431311,1
39869.846943379205,1
39879.84852244529,0
39889.85010151139,0
39899.851680577485,0
39909.85325964358,0
39919.85483870968,0
39929.856417775765,0
39939.85799684186,0
39949.85957590796,0
39959.86115497406,0
39969.86273404016,0
39979.86431310624,0
39989.86589217234,0
39999.86747123844,0
40009.869050304536,0
40019.870629370635,0
40029.87220843672,0
40039.87378750282,0
40049.875366568915,0
40059.87694563501,1
40069.878524701104,0
40079.880103767195,0
40089.88168283329,1
40099.88326189939,0
40109.88484096549,0
40119.88642003157,0
40129.88799909767,0
40139.88957816377,1
40149.89115722987,0
40159.892736295966,0
40169.89431536205,0
40179.89589442815,0
40189.897473494246,0
40199.899052560344,0
40209.90063162644,0
40219.902210692526,0
40229.903789758624,1
40239.90536882472,0
40249.90694789082,0
40259.90852695692,0
40269.910106023,0
40279.9116850891,1
40289.9132641552,0
40299.9148432213,0
40309.916422287395,0
40319.91800135348,0
40329.91958041958,0
40339.921159485675,0
40349.92273855177,0
40359.924317617864,1
40369.925896683955,0
40379.92747575005,0
40389.92905481615,0
40399.93063388225,0
40409.93221294834,0
40419.93379201443,1
40429.93537108053,0
40439.93695014663,0
40449.938529212726,0
40459.94010827881,0
40469.94168734491,1
40479.943266411006,0
40489.944845477105,0
40499.9464245432,0
40509.94800360929,1
40519.949582675385,0
40529.95116174148,0
40539.95274080758,0
40549.95431987368,0
40559.95589893976,0
40569.95747800586,0
40579.95905707196,0
40589.96063613806,0
40599.962215204156,0
40609.96379427024,0
40619.96537333634,0
40629.966952402436,0
40639.968531468534,0
40649.97011053463,0
40659.971689600716,0
40669.973268666814,0
40679.97484773291,2
40689.97642679901,0
40699.9780058651,0
40709.97958493119,0
40719.98116399729,0
40729.98274306339,0
40739.98432212949,0
40749.98590119557,2
40759.98748026167,1
40769.98905932777,0
40779.990638393865,0
40789.99221745996,0
40799.99379652605,0
40809.995375592145,0
40819.99695465824,0
40829.99853372434,0
40840.00011279044,0
40850.00169185652,0
40860.00327092262,0
40870.00484998872,0
40880.00642905482,0
40890.008008120916,1
40900.009587187,0
40910.0111662531,0
40920.012745319196,0
40930.014324385294,1
40940.01590345139,0
40950.017482517476,0
40960.019061583575,0
40970.02064064967,0
40980.02221971577,0
40990.02379878186,0
41000.02537784795,0
41010.02695691405,0
41020.02853598015,0
41030.03011504625,1
41040.03169411233,0
41050.03327317843,1
41060.03485224453,0
41070.036431310626,0
41080.038010376724,0
41090.03958944281,0
41100.041168508906,0
41110.042747575004,1
41120.0443266411,0
41130.0459057072,0
41140.047484773284,1
41150.04906383938,0
41160.05064290548,0
41170.05222197158,0
41180.05380103768,0
41190.05538010376,0
41200.05695916986,0
41210.05853823596,0
41220.060117302055,0
41230.06169636815,0
41240.06327543424,0
41250.064854500335,0
41260.06643356643,0
41270.06801263253,0
41280.06959169862,0
41290.07117076471,0
41300.07274983081,0
41310.07432889691,0
41320.07590796301,0
41330.07748702909,0
41340.07906609519,0
41350.08064516129,0
41360.082224227386,0
41370.083803293484,0
41380.08538235957,0
41390.086961425666,0
41400.088540491764,1
41410.09011955786,0
41420.09169862396,0
41430.093277690044,0
41440.09485675614,0
41450.09643582224,0
41460.09801488834,0
41470.09959395444,0
41480.10117302052,0
41490.10275208662,0
41500.10433115272,0
41510.105910218816,0
41520.107489284914,0
41530.109068351,0
41540.110647417096,0
41550.112226483194,0
41560.11380554929,0
41570.11538461538,0
41580.116963681474,0
41590.11854274757,0
41600.12012181367,0
41610.12170087977,0
41620.12327994585,0
41630.12485901195,0
41640.12643807805,0
41650.12801714415,0
41660.129596210245,0
41670.13117527633,0
41680.13275434243,0
41690.134333408525,0
41700.13591247462,0
41710.13749154072,0
41720.139070606805,0
41730.1406496729,0
41740.142228739,0
41750.1438078051,0
41760.1453868712,0
41770.14696593728,0
41780.14854500338,0
41790.15012406948,0
41800.151703135576,0
41810.153282201674,1
41820.15486126776,0
41830.156440333856,1
41840.158019399954,0
41850.15959846605,0
41860.16117753214,0
41870.162756598234,0
41880.16433566433,0
41890.16591473043,0
41900.16749379653,0
41910.16907286262,0
41920.17065192871,1
41930.17223099481,0
41940.17381006091,0
41950.175389127005,1
41960.1769681931,0
41970.17854725919,0
41980.180126325286,0
41990.181705391384,0
42000.183284457475,0
42010.18486352357,0
42020.186442589664,0
42030.18802165576,0
42040.18960072186,2
42050.19117978795,0
42060.19275885405,0
42070.19433792014,0
42080.19591698624,0
42090.19749605234,0
42100.19907511843,0
42110.20065418452,0
42120.20223325062,0
42130.203812316715,0
42140.20539138281,0
42150.206970448904,0
42160.208549514995,0
42170.21012858109,0
42180.21170764719,0
42190.21328671329,0
42200.21486577938,0
42210.21644484547,0
42220.21802391157,0
42230.21960297767,0
42240.221182043766,0
42250.22276110986,0
42260.22434017595,1
42270.225919242046,0
42280.227498308144,0
42290.229077374235,0
42300.23065644033,0
42310.232235506424,0
42320.23381457252,0
42330.23539363862,0
42340.23697270471,0
42350.23855177081,0
42360.2401308369,0
42370.241709903,0
42380.2432889691,0
42390.24486803519,0
42400.246447101286,0
42410.24802616738,0
42420.249605233475,0
42430.251184299574,0
42440.252763365665,0
42450.254342431756,0
42460.255921497854,0
42470.25750056395,1
42480.25907963005,1
42490.26065869614,0
42500.26223776223,0
42510.26381682833,0
42520.26539589443,0
42530.26697496053,0
42540.26855402662,0
42550.27013309271,0
42560.27171215881,0
42570.273291224905,1
42580.274870290996,0
42590.276449357094,0
42600.278028423185,0
42610.27960748928,0
42620.28118655538,0
42630.28276562147,0
42640.28434468757,1
42650.28592375366,0
42660.28750281976,0
42670.28908188586,0
42680.29066095195,1
42690.29224001805,0
42700.29381908414,0
42710.295398150236,1
42720.296977216334,0
42730.298556282425,0
42740.300135348516,0
42750.301714414614,0
42760.30329348071,0
42770.30487254681,0
42780.3064516129,0
42790.30803067899,0
42800.30960974509,0
42810.31118881119,0
42820.31276787729,0
42830.31434694338,0
42840.31592600947,0
42850.31750507557,0
42860.319084141665,0
42870.320663207756,1
42880.322242273854,0
42890.323821339945,0
42900.32540040604,0
42910.32697947214,1
42920.32855853823,0
42930.33013760433,0
42940.33171667042,0
42950.33329573652,0
42960.33487480262,0
42970.33645386871,0
42980.33803293481,0
42990.3396120009,0
43000.341191067,0
43010.342770133095,0
43020.344349199186,0
43030.34592826528,0
43040.347507331375,0
43050.34908639747,0
43060.35066546357,0
43070.35224452966,0
43080.35382359575,0
43090.35540266185,0
43100.35698172795,0
43110.35856079405,0
43120.36013986014,0
43130.36171892623,0
43140.36329799233,0
43150.364877058426,0
43160.366456124524,0
43170.368035190615,0
43180.369614256706,0
43190.371193322804,0
43200.3727723889,1
43210.37435145499,0
43220.37593052109,0
43230.37750958718,0
43240.37908865328,0
43250.38066771938,0
43260.38224678547,0
43270.38382585157,0
43280.38540491766,0
43290.38698398376,1
43300.388563049855,0
43310.390142115946,0
43320.39172118204,0
43330.393300248135,0
43340.39487931423,0
43350.39645838033,0
43360.39803744642,2
43370.39961651251,0
43380.40119557861,0
43390.40277464471,1
43400.40435371081,0
43410.4059327769,0
43420.40751184299,0
43430.40909090909,0
43440.41066997519,0
43450.412249041285,0
43460.413828107376,0
43470.41540717347,0
43480.416986239565,0
43490.41856530566,0
43500.420144371754,0
43510.42172343785,0
43520.42330250394,0
43530.42488157004,0
43540.42646063614,0
43550.42803970223,0
43560.42961876833,0
43570.43119783442,0
43580.43277690052,0
43590.434355966616,1
43600.43593503271,0
43610.4375140988,0
43620.439093164896,0
43630.440672230994,0
43640.44225129709,1
43650.44383036318,0
43660.445409429274,0
43670.44698849537,0
43680.44856756147,0
43690.45014662757,0
43700.45172569366,0
43710.45330475975,0
43720.45488382585,0
43730.45646289195,0
43740.458041958045,0
43750.459621024136,0
43760.46120009023,0
43770.462779156325,0
43780.46435822242,0
43790.465937288514,0
43800.46751635461,1
43810.4690954207,0
43820.4706744868,0
43830.4722535529,0
43840.47383261899,1
43850.47541168509,0
43860.47699075118,0
43870.47856981728,0
43880.48014888338,0
43890.48172794947,0
43900.483307015566,0
43910.48488608166,0
43920.486465147755,0
43930.48804421385,0
43940.489623279944,0
43950.491202346035,0
43960.49278141213,0
43970.49436047823,0
43980.49593954433,0
43990.49751861042,0
44000.49909767651,0
44010.50067674261,0
44020.50225580871,0
44030.503834874806,0
44040.5054139409,0
44050.50699300699,0
44060.508572073086,0
44070.510151139184,0
44080.511730205275,0
44090.51330927137,0
44100.514888337464,0
44110.51646740356,0
44120.51804646966,0
44130.51962553575,0
44140.52120460185,0
44150.52278366794,0
44160.52436273404,0
44170.52594180014,0
44180.52752086623,0
44190.529099932326,1
44200.53067899842,0
44210.532258064515,1
44220.53383713061,0
44230.535416196704,0
44240.536995262795,0
44250.53857432889,0
44260.54015339499,0
44270.54173246109,0
44280.54331152718,0
44290.54489059327,0
44300.54646965937,0
44310.54804872547,1
44320.549627791566,0
44330.55120685766,0
44340.55278592375,0
44350.55436498985,0
44360.555944055945,0
44370.557523122035,0
44380.559102188134,0
44390.560681254225,1
44400.56226032032,0
44410.56383938642,0
44420.56541845251,0
44430.56699751861,0
44440.5685765847,0
44450.5701556508,0
44460.5717347169,0
44470.57331378299,0
44480.57489284909,0
44490.57647191518,0
44500.578050981276,0
44510.579630047374,1
44520.581209113465,0
44530.582788179556,0
44540.584367245654,0
44550.58594631175,0
44560.58752537785,0
44570.58910444394,0
44580.59068351003,0
44590.59226257613,0
44600.59384164223,0
44610.59542070833,0
44620.59699977442,0
44630.59857884051,0
44640.60015790661,0
44650.601736972705,0
44660.6033160388,0
44670.604895104894,0
44680.606474170985,0
44690.60805323708,1
44700.60963230318,0
44710.61121136927,0
44720.61279043537,0
44730.61436950146,0
44740.61594856756,0
44750.61752763366,0
44760.61910669975,0
44770.62068576585,0
44780.62226483194,0
44790.623843898036,0
44800.625422964134,0
44810.627002030225,0
44820.628581096316,0
44830.630160162415,0
44840.63173922851,1
44850.63331829461,0
44860.6348973607,0
44870.63647642679,1
44880.63805549289,0
44890.63963455899,0
44900.64121362509,0
44910.64279269118,0
44920.64437175727,0
44930.64595082337,0
44940.647529889466,0
44950.649108955564,0
44960.650688021655,0
44970.652267087746,0
44980.653846153844,0
44990.65542521994,0
45000.65700428603,0
45010.65858335213,0
45020.66016241822,0
45030.66174148432,0
45040.66332055042,0
45050.66489961651,0
45060.66647868261,0
45070.6680577487,0
45080.6696368148,0
45090.671215880895,0
45100.672794946986,0
45110.67437401308,0
45120.675953079175,0
45130.67753214527,0
45140.67911121137,0
45150.68069027746,0
45160.68226934355,0
45170.68384840965,0
45180.68542747575,0
45190.68700654185,0
45200.68858560794,0
45210.69016467403,0
45220.69174374013,0
45230.693322806226,1
45240.694901872324,0
45250.696480938415,0
45260.698060004506,0
45270.699639070604,0
45280.7012181367,0
45290.70279720279,0
45300.70437626889,0
45310.70595533498,0
45320.70753440108,0
45330.70911346718,0
45340.71069253327,0
45350.71227159937,0
45360.71385066546,0
45370.71542973156,0
45380.717008797656,0
45390.71858786375,0
45400.720166929845,0
45410.721745995936,0
45420.723325062034,1
45430.72490412813,0
45440.72648319422,0
45450.728062260314,0
45460.72964132641,0
45470.73122039251,0
45480.73279945861,0
45490.7343785247,0
45500.73595759079,0
45510.73753665689,1
45520.73911572299,0
45530.740694789085,0
45540.742273855176,1
45550.74385292127,0
45560.745431987365,0
45570.74701105346,0
45580.748590119554,0
45590.75016918565,0
45600.75174825174,0
45610.75332731784,0
45620.75490638394,0
45630.75648545003,0
45640.75806451613,0
45650.75964358222,0
45660.76122264832,0
45670.762801714416,0
45680.76438078051,0
45690.765959846605,1
45700.767538912696,0
45710.769117978794,0
45720.77069704489,0
45730.77227611098,1
45740.773855177074,0
45750.77543424317,0
45760.77701330927,0
45770.77859237537,0
45780.78017144146,0
45790.78175050755,0
45800.78332957365,0
45810.78490863975,0
45820.786487705846,0
45830.78806677194,0
45840.78964583803,0
45850.791224904126,0
45860.792803970224,0
45870.794383036315,0
45880.79596210241,0
45890.797541168504,0
45900.7991202346,0
45910.8006993007,0
45920.80227836679,0
45930.80385743289,0
45940.80543649898,0
45950.80701556508,0
45960.80859463118,0
45970.81017369727,0
45980.811752763366,0
45990.81333182946,0
46000.814910895555,0
46010.81648996165,0
46020.818069027744,0
46030.819648093835,0
46040.82122715993,0
46050.82280622603,1
46060.82438529213,0
46070.82596435822,0
46080.82754342431,0
46090.82912249041,0
46100.83070155651,0
46110.832280622606,0
46120.8338596887,0
46130.83543875479,0
46140.837017820886,0
46150.838596886984,0
46160.84017595308,0
46170.84175501917,0
46180.843334085264,0
46190.84491315136,0
46200.84649221746,0
46210.84807128355,0
46220.84965034965,0
46230.85122941574,0
46240.85280848184,0
46250.85438754794,0
46260.85596661403,1
46270.857545680126,0
46280.85912474622,0
46290.860703812315,0
46300.862282878414,0
46310.863861944505,0
46320.865441010596,0
46330.867020076694,0
46340.86859914279,0
46350.87017820889,0
46360.87175727498,0
46370.87333634107,0
46380.87491540717,1
46390.87649447327,0
46400.87807353937,0
46410.87965260546,0
46420.88123167155,0
46430.88281073765,0
46440.884389803745,0
46450.88596886984,0
46460.887547935934,0
46470.889127002025,0
46480.89070606812,0
46490.89228513422,0
46500.89386420031,0
46510.89544326641,0
46520.8970223325,0
46530.8986013986,0
46540.9001804647,0
46550.90175953079,0
46560.90333859689,0
46570.90491766298,0
46580.906496729076,0
46590.908075795174,0
46600.909654861265,0
46610.911233927356,0
46620.912812993454,0
46630.91439205955,0
46640.91597112565,0
46650.91755019174,0
46660.91912925783,0
46670.92070832393,0
46680.92228739003,0
46690.92386645613,0
46700.92544552222,0
46710.92702458831,0
46720.92860365441,0
46730.930182720505,0
46740.9317617866,0
46750.933340852695,0
46760.934919918785,0
46770.936498984884,0
46780.93807805098,0
46790.93965711707,0
46800.94123618317,0
46810.94281524926,0
46820.94439431536,0
46830.94597338146,0
46840.94755244755,0
46850.94913151365,0
46860.95071057974,0
46870.95228964584,0
46880.953868711935,0
46890.955447778026,0
46900.957026844124,0
46910.958605910215,0
46920.96018497631,0
46930.96176404241,0
46940.9633431085,0
46950.96492217459,0
46960.96650124069,0
46970.96808030679,0
46980.96965937289,0
46990.97123843898,0
47000.97281750507,0
47010.97439657117,0
47020.975975637266,0
47030.977554703364,0
47040.979133769455,0
47050.980712835546,0
47060.982291901644,0
47070.98387096774,0
47080.98545003383,0
47090.98702909993,0
47100.98860816602,0
47110.99018723212,0
47120.99176629822,0
47130.99334536431,0
47140.99492443041,0
47150.9965034965,0
47160.9980825626,0
47170.999661628695,0
47181.001240694786,0
47191.002819760884,0
47201.004398826975,0
47211.00597789307,0
47221.00755695917,0
47231.00913602526,0
47241.01071509135,0
47251.01229415745,0
47261.01387322355,0
47271.01545228965,0
47281.01703135574,0
47291.01861042183,0
47301.02018948793,0
47311.02176855403,0
47321.023347620125,0
47331.024926686216,0
47341.02650575231,0
47351.028084818405,0
47361.0296638845,0
47371.031242950594,0
47381.03282201669,0
47391.03440108278,0
47401.03598014888,1
47411.03755921498,0
47421.03913828107,0
47431.04071734717,0
47441.04229641326,0
47451.04387547936,0
47461.045454545456,0
47471.04703361155,0
47481.048612677645,0
47491.050191743736,0
47501.051770809834,0
47511.05334987593,0
47521.05492894202,0
47531.056508008114,0
47541.05808707421,0
47551.05966614031,0
47561.06124520641,0
47571.0628242725,0
47581.06440333859,0
47591.06598240469,0
47601.06756147079,0
47611.069140536885,0
47621.070719602976,0
47631.07229866907,0
47641.073877735165,0
47651.07545680126,0
47661.07703586736,0
47671.07861493345,0
47681.08019399954,0
47691.08177306564,0
47701.08335213174,1
47711.08493119783,0
47721.08651026393,0
47731.08808933002,0
47741.08966839612,0
47751.09124746222,0
47761.09282652831,0
47771.094405594406,0
47781.0959846605,0
47791.097563726595,0
47801.09914279269,0
47811.100721858784,0
47821.102300924875,0
47831.10387999097,0
47841.10545905707,0
47851.10703812317,0
47861.10861718926,0
47871.11019625535,0
47881.11177532145,0
47891.11335438755,0
47901.114933453646,0
47911.11651251974,0
47921.11809158583,0
47931.119670651926,0
47941.121249718024,0
47951.12282878412,0
47961.12440785021,0
47971.125986916304,0
47981.1275659824,0
47991.1291450485,0
48001.13072411459,0
48011.13230318069,0
48021.13388224678,0
48031.13546131288,0
48041.13704037898,0
48051.13861944507,0
48061.140198511166,0
48071.14177757726,0
48081.143356643355,0
48091.14493570945,0
48101.146514775544,0
48111.148093841635,0
48121.14967290773,0
48131.15125197383,0
48141.15283103993,0
48151.15441010602,0
48161.15598917211,0
48171.15756823821,0
48181.15914730431,0
48191.160726370406,0
48201.1623054365,0
48211.16388450259,0
48221.16546356869,0
48231.167042634785,0
48241.16862170088,0
48251.170200766974,0
48261.171779833065,0
48271.17335889916,0
48281.17493796526,0
48291.17651703135,0
48301.17809609745,0
48311.17967516354,0
48321.18125422964,0
48331.18283329574,0
48341.18441236183,0
48351.18599142793,0
48361.18757049402,0
48371.189149560116,0
48381.190728626214,0
48391.192307692305,0
48401.1938867584,0
48411.195465824494,0
48421.19704489059,0
48431.19862395669,0
48441.20020302278,0
48451.20178208887,0
48461.20336115497,0
48471.20494022107,0
48481.20651928717,0
48491.20809835326,0
48501.20967741935,0
48511.21125648545,0
48521.212835551545,0
48531.21441461764,0
48541.215993683734,0
48551.217572749825,0
48561.21915181592,0
48571.22073088202,0
48581.22230994811,0
48591.22388901421,0
48601.2254680803,0
48611.2270471464,0
48621.2286262125,0
48631.23020527859,1
48641.23178434469,0
48651.23336341078,0
48661.234942476876,0
48671.236521542975,0
48681.238100609065,0
48691.239679675164,0
48701.241258741255,0
48711.24283780735,0
48721.24441687345,0
48731.24599593954,0
48741.24757500563,0
48751.24915407173,0
48761.25073313783,0
48771.25231220393,0
48781.25389127002,0
48791.25547033611,0
48801.25704940221,0
48811.258628468306,0
48821.260207534404,0
48831.261786600495,0
48841.263365666586,0
48851.264944732684,0
48861.26652379878,0
48871.26810286487,0
48881.26968193097,0
48891.27126099706,0
48901.27284006316,0
48911.27441912926,0
48921.27599819535,0
48931.27757726145,0
48941.27915632754,0
48951.28073539364,0
48961.282314459735,0
48971.283893525826,0
48981.285472591924,0
48991.287051658015,0
49001.28863072411,0
49011.29020979021,0
49021.2917888563,0
49031.29336792239,0
49041.29494698849,0
49051.29652605459,0
49061.29810512069,0
49071.29968418678,0
49081.30126325287,0
49091.30284231897,0
49101.304421385066,0
49111.306000451164,0
49121.307579517255,0
49131.309158583346,0
49141.310737649444,0
49151.31231671554,0
49161.31389578164,0
49171.31547484773,0
49181.31705391382,0
49191.31863297992,0
49201.32021204602,0
49211.32179111211,0
49221.32337017821,0
49231.3249492443,0
49241.3265283104,0
49251.328107376496,0
49261.32968644259,0
49271.331265508685,0
49281.332844574776,0
49291.334423640874,0
49301.33600270697,0
49311.33758177306,0
49321.339160839154,0
49331.34073990525,0
49341.34231897135,0
49351.34389803745,0
49361.34547710354,0
49371.34705616963,0
49381.34863523573,0
49391.35021430183,0
49401.351793367925,0
49411.353372434016,0
49421.35495150011,0
49431.356530566205,0
49441.3581096323,1
49451.3596886984,0
49461.36126776449,0
49471.36284683058,0
49481.36442589668,0
49491.36600496278,0
49501.36758402887,0
49511.36916309497,0
49521.37074216106,0
49531.37232122716,0
49541.373900293256,0
49551.37547935935,0
49561.377058425445,0
49571.378637491536,0
49581.380216557634,0
49591.38179562373,0
49601.38337468982,0
49611.384953755914,0
49621.38653282201,0
49631.38811188811,0
49641.38969095421,0
49651.3912700203,0
49661.39284908639,0
49671.39442815249,0
49681.39600721859,0
49691.397586284686,0
49701.39916535078,0
49711.40074441687,0
49721.402323482966,0
49731.403902549064,0
49741.40548161516,0
49751.40706068125,0
49761.408639747344,0
49771.41021881344,0
49781.41179787954,0
49791.41337694563,0
49801.41495601173,0
49811.41653507782,0
49821.41811414392,0
49831.41969321002,0
49841.42127227611,0
49851.422851342206,0
49861.4244304083,0
49871.426009474395,0
49881.42758854049,0
49891.429167606584,0
49901.43074667268,0
49911.43232573877,0
49921.43390480487,0
49931.43548387097,0
49941.43706293706,0
49951.43864200315,0
49961.44022106925,0
49971.44180013535,0
49981.443379201446,0
49991.44495826754,0
50001.44653733363,0
50011.448116399726,0
50021.449695465824,0
50031.45127453192,0
50041.45285359801,0
50051.454432664104,0
50061.4560117302,0
50071.4575907963,0
50081.45916986239,0
50091.46074892849,0
50101.46232799458,0
50111.46390706068,0
50121.46548612678,0
50131.46706519287,0
50141.46864425897,0
50151.47022332506,0
50161.471802391156,0
50171.473381457254,0
50181.474960523345,0
50191.47653958944,0
50201.478118655534,0
50211.47969772163,0
50221.48127678773,0
50231.48285585382,0
50241.48443491991,0
50251.48601398601,0
50261.48759305211,0
50271.48917211821,0
50281.4907511843,0
50291.49233025039,0
50301.49390931649,0
50311.495488382585,0
50321.49706744868,0
50331.498646514774,0
50341.500225580865,0
50351.50180464696,0
50361.50338371306,0
50371.50496277915,0
50381.50654184525,0
50391.50812091134,0
50401.50969997744,0
50411.51127904354,0
50421.51285810963,0
50431.51443717573,0
50441.51601624182,0
50451.517595307916,0
50461.519174374014,0
50471.520753440105,0
50481.5223325062,0
50491.523911572294,0
50501.52549063839,0
50511.52706970449,0
50521.52864877058,0
50531.53022783667,0
50541.53180690277,0
50551.53338596887,0
50561.53496503497,0
50571.53654410106,0
50581.53812316715,0
50591.53970223325,0
50601.541281299345,0
50611.54286036544,0
50621.544439431535,0
50631.546018497625,0
50641.547597563724,0
50651.54917662982,0
50661.55075569592,0
50671.55233476201,0
50681.5539138281,0
50691.5554928942,0
50701.5570719603,0
50711.55865102639,0
50721.56023009249,0
50731.56180915858,0
50741.56338822468,0
50751.564967290775,0
50761.566546356866,0
50771.568125422964,0
50781.569704489055,0
50791.57128355515,0
50801.57286262125,0
50811.57444168734,0
50821.57602075343,0
50831.57759981953,0
50841.57917888563,0
50851.58075795173,0
50861.58233701782,0
50871.58391608391,0
50881.58549515001,0
50891.587074216106,0
50901.588653282204,0
50911.590232348295,0
50921.591811414386,0
50931.593390480484,0
50941.59496954658,0
50951.59654861268,0
50961.59812767877,0
50971.59970674486,0
50981.60128581096,0
50991.60286487706,0
51001.60444394315,0
51011.60602300925,0
51021.60760207534,0
51031.60918114144,0
51041.610760207535,0
51051.612339273626,0
51061.613918339724,0
51071.615497405815,0
51081.61707647191,0
51091.61865553801,0
51101.6202346041,0
51111.621813670194,0
51121.62339273629,0
51131.62497180239,0
51141.62655086849,0
51151.62812993458,0
51161.62970900067,0
51171.63128806677,0
51181.63286713287,0
51191.634446198965,0
51201.636025265056,0
51211.63760433115,0
51221.639183397245,0
51231.64076246334,0
51241.64234152944,0
51251.64392059553,0
51261.64549966162,0
51271.64707872772,0
51281.64865779382,0
51291.65023685991,0
51301.65181592601,0
51311.6533949921,0
51321.6549740582,0
51331.656553124296,0
51341.65813219039,0
51351.659711256485,0
51361.661290322576,0
51371.662869388674,0
51381.66444845477,0
51391.66602752086,0
51401.66760658696,0
51411.66918565305,0
51421.67076471915,0
51431.67234378525,0
51441.67392285134,0
51451.67550191743,0
51461.67708098353,0
51471.67866004963,0
51481.680239115725,0
51491.681818181816,0
51501.68339724791,0
51511.684976314005,0
51521.6865553801,0
51531.6881344462,0
51541.68971351229,0
51551.69129257838,0
51561.69287164448,0
51571.69445071058,0
51581.69602977667,0
51591.69760884277,0
51601.69918790886,0
51611.70076697496,0
51621.70234604106,0
51631.70392510715,0
51641.705504173246,0
51651.70708323934,0
51661.708662305435,0
51671.71024137153,0
51681.711820437624,0
51691.71339950372,0
51701.71497856981,0
51711.71655763591,0
51721.71813670201,0
51731.7197157681,0
51741.72129483419,0
51751.72287390029,0
51761.72445296639,0
51771.726032032486,0
51781.72761109858,0
51791.72919016467,0
51801.730769230766,0
51811.732348296864,0
51821.73392736296,0
51831.73550642905,0
51841.737085495144,0
51851.73866456124,0
51861.74024362734,0
51871.74182269343,0
51881.74340175953,0
51891.74498082562,0
51901.74655989172,0
51911.74813895782,0
51921.74971802391,0
51931.751297090006,0
51941.7528761561,0
51951.754455222195,0
51961.75603428829,0
51971.757613354384,0
51981.75919242048,0
51991.76077148657,0
52001.76235055267,0
52011.76392961877,0
52021.76550868486,0
52031.76708775095,0
52041.76866681705,0
52051.77024588315,0
52061.77182494925,0
52071.77340401534,0
52081.77498308143,0
52091.77656214753,0
52101.778141213625,0
52111.77972027972,0
52121.781299345814,0
52131.782878411905,0
52141.784457478,0
52151.7860365441,0
52161.7876156102,0
52171.78919467629,0
52181.79077374238,0
52191.79235280848,0
52201.79393187458,0
52211.79551094067,0
52221.79709000677,0
52231.79866907286,0
52241.800248138956,0
52251.801827205054,0
52261.803406271145,0
52271.80498533724,0
52281.806564403334,0
52291.80814346943,0
52301.80972253553,0
52311.81130160162,0
52321.81288066771,0
52331.81445973381,0
52341.81603879991,0
52351.81761786601,0
52361.8191969321,0
52371.82077599819,0
52381.82235506429,0
52391.823934130385,0
52401.82551319648,0
52411.827092262574,0
52421.828671328665,0
52431.83025039476,0
52441.83182946086,0
52451.83340852696,0
52461.83498759305,0
52471.83656665914,0
52481.83814572524,0
52491.83972479134,0
52501.84130385743,0
52511.84288292353,0
52521.84446198962,0
52531.846041055716,0
52541.847620121815,0
52551.849199187905,0
52561.850778254004,0
52571.852357320095,0
52581.85393638619,0
52591.85551545229,0
52601.85709451838,0
52611.85867358447,0
52621.86025265057,0
52631.86183171667,0
52641.86341078277,0
52651.86498984886,0
52661.86656891495,0
52671.86814798105,0
52681.869727047146,0
52691.871306113244,0
52701.872885179335,0
52711.874464245426,0
52721.876043311524,0
52731.87762237762,0
52741.87920144372,0
52751.88078050981,0
52761.8823595759,0
52771.883938642,0
52781.8855177081,0
52791.88709677419,0
52801.88867584029,0
52811.89025490638,0
52821.89183397248,0
52831.893413038575,0
52841.894992104666,0
52851.896571170764,0
52861.898150236855,0
52871.89972930295,0
52881.90130836905,0
52891.90288743514,0
52901.90446650124,0
52911.90604556733,0
52921.90762463343,0
52931.90920369953,0
52941.91078276562,0
52951.91236183171,0
52961.91394089781,0
52971.915519963906,0
52981.917099030004,0
52991.918678096095,0
53001.920257162186,0
53011.921836228285,0
53021.92341529438,0
53031.92499436048,0
53041.92657342657,0
53051.92815249266,0
53061.92973155876,0
53071.93131062486,0
53081.93288969095,0
53091.93446875705,0
53101.93604782314,0
53111.93762688924,0
53121.939205955336,0
53131.94078502143,0
53141.942364087525,0
53151.943943153616,0
53161.945522219714,0
53171.94710128581,0
53181.9486803519,0
53191.950259418,0
53201.95183848409,0
53211.95341755019,0
53221.95499661629,0
53231.95657568238,0
53241.95815474847,0
53251.95973381457,0
53261.96131288067,0
53271.962891946765,0
53281.964471012856,0
53291.96605007895,0
53301.967629145045,0
53311.96920821114,0
53321.97078727724,0
53331.97236634333,0
53341.97394540942,0
53351.97552447552,0
53361.97710354162,0
53371.97868260771,0
53381.98026167381,0
53391.9818407399,0
53401.983419806,0
53411.984998872096,0
53421.98657793819,0
53431.988157004285,0
53441.989736070376,0
53451.991315136474,0
53461.99289420257,0
53471.99447326866,0
53481.99605233476,0
53491.99763140085,0
53501.99921046695,1
